,SPY,QQQ,TSLA,AAPL,NVDA,TLT,IEF,BND,EURUSD,USDJPY,GBPUSD,GLD,USO,DBA,CDX_IG,CDX_HY
2024-05-09,100.55071097920951,99.86700348269373,100.65432340835454,99.22157915749821,100.93434643845475,99.49018881247699,99.47195585176802,99.76420234674026,100.38784473206744,99.4057521100187,100.65127180493465,100.45255997758112,100.9458916750216,100.02451829448592,101.15003369071351,100.15189169805892
2024-05-10,100.65061909346937,100.24601410165039,101.8145013271284,99.2045023030396,101.37553563300258,99.39024246776562,98.74226375705979,99.49750675413834,100.70006729780845,99.04333561812857,100.08804867321504,99.56365451953587,101.14360034486384,99.84311142694757,100.86866349165562,100.5464180966381
2024-05-13,100.5933090248954,100.24999552008089,102.19636150364713,99.38802276500878,102.08354582036792,99.57414571393161,98.10613997137439,98.74071568841951,100.77267157672422,98.60730325562804,100.29711180767045,99.82745342861686,101.68143242145484,99.82417927639692,101.82790143798775,100.75545359613989
2024-05-14,100.71636129375825,100.24701653685852,102.08526241303406,100.4685837405848,102.36304363874997,99.70385897348763,98.22263866786308,98.49797101123586,100.10383849046347,98.30143040381972,99.63740858708464,99.71068827739045,101.75191925938205,100.19706907882289,101.71383883521834,99.8069935363273
2024-05-15,100.65291423818388,99.34096966859832,101.48742430048945,100.77689388687301,102.15644867994345,98.6313199766464,97.78202926595576,98.52909192625975,99.92059770934219,98.09178339407416,100.22828807171757,100.0781555239475,101.30159971977338,100.80802569576277,101.17565516255294,100.03442190751058
2024-05-16,100.32516674730823,99.35306089664223,100.97963587805772,99.99255517266923,101.28963801121218,98.67218220065733,97.76864273280772,97.72996722814847,100.38664264910634,98.43454059322896,100.14354861622657,100.56772722588659,100.10646320480659,101.07550655494764,100.9843072377355,99.39945527122148
2024-05-17,100.55595669433943,99.26242705260142,102.50605157259942,100.09450107460233,101.28619836240478,96.95476494882584,97.8052978696924,98.00114093513785,99.94485810376436,98.15887462243637,100.86602155993948,101.5985682413174,100.15642907764351,101.11806993961838,101.33937431129726,98.97807499746068
2024-05-20,100.90678649675242,98.68194720921376,102.74109845095411,99.18909606773137,100.9559894681947,96.7405589191183,97.98616512193783,98.252055265334,98.64360183404455,97.42886133390607,101.06903372472998,102.17402672917926,99.67689981396705,101.83051636659985,101.10856584515795,99.85071664578055
2024-05-21,100.75330808845284,98.7554308006929,101.55435909484949,99.51827194248278,100.78021220198366,96.60014812949865,98.36575781146047,97.9110209929709,98.48443719983865,98.03551976672627,100.40463575641915,102.76696251595577,99.17045400884163,101.61444547582377,100.9809433750692,100.36518808220514
2024-05-22,101.59621120516655,99.33946175902696,101.05751550401179,99.38717925513608,100.70932318838311,96.76614916595095,98.216062983031,97.73896977185689,98.44628508697527,97.58003653996725,101.15488308587743,103.53544163710858,98.93122210270239,102.15131834801699,101.28376432907675,100.93887763516231
2024-05-23,100.81868574395794,98.27441418620172,100.83768986231145,99.129832636626,100.8796147241878,97.24156654580851,98.00494662961535,98.84307061414911,98.40670553294468,97.70202995964725,101.83248144749699,103.54140165728577,99.78359627439362,101.97326647785462,101.36442792776579,101.28475909177833
2024-05-24,100.37318402819852,97.46078075878812,100.30590691537067,99.41814595207904,99.69469697187758,96.84402125924827,98.73006783668329,99.34917249909347,98.66898179440882,98.03666743340875,102.18241984285336,103.39947996879984,100.84306484497438,102.10806711919467,101.89123096593826,101.1121035330472
2024-05-27,100.04888855983329,97.14596322839822,100.60602928198732,98.81990315482362,100.63765835355154,95.95596536971142,98.08462008671933,99.01339414452873,99.05335684932261,98.0178589535132,101.86533652881438,103.90090737443872,100.85727390035515,102.02687984426501,102.12125810559958,100.05351099543856
2024-05-28,99.15849103959115,96.72433100869031,100.52712138969262,98.17541998429726,99.82643312061701,96.21584559363716,97.76455404893953,99.02368216372092,99.15411294355746,98.60109692836109,101.681407092076,104.23757951640688,100.67018854431116,102.01280230749926,102.35334713903217,100.09742209299148
2024-05-29,99.02308258820479,96.99962124976106,100.14547980157158,97.79328008475578,99.82376621267804,96.17929793532105,97.65631920906075,99.00943505580419,99.72386359690624,98.85460330234498,101.73013894104454,103.98475661059483,99.9863219712755,101.7769781803779,102.31949371687918,100.36008955366817
2024-05-30,98.848497841397,96.79560318324236,100.24316744649242,98.17110320862483,99.86817912156131,95.75743917716896,97.10518145299861,98.67683458262174,99.00048927996164,98.38750070293204,101.40472599131536,104.31412245968932,100.19012735099915,102.4538608932194,102.32788572663425,99.67416992672956
2024-05-31,99.74505190935332,96.87625431012378,100.68389577504465,97.57906079047193,99.81503255606462,95.08379951208109,96.54966415417604,97.34303134550736,99.35468725094657,99.31706167733748,102.37370330720717,104.45920536433601,101.0938286980527,102.10490442849311,101.75090151549287,98.6207983841368
2024-06-03,100.01136914613676,95.87613470394308,99.58950291312317,96.15084339963461,99.96175311089073,95.23405232372737,96.57492888904177,98.22565382271628,99.705809828866,99.35752446958098,102.4880921666705,104.11472332655,100.9437979508305,101.723665614491,102.33262814234311,98.12303607541446
2024-06-04,99.69225659299423,96.3735831527417,99.6772584481034,96.1438271058657,100.94670990597292,95.22468140306125,96.93148324328764,98.46230523893044,99.04838245175323,99.34896155697665,101.0698824520393,104.64962134099203,99.8344322776933,102.83961507438573,102.0868106750894,98.15272053014581
2024-06-05,100.58371798168378,95.7436424440312,99.27650036171369,96.36649663981149,99.77658940142608,95.22251343682669,96.5414560428724,98.71572296752372,98.3069808909793,99.83711501037612,101.24161761650487,104.72910228420365,100.19564864601922,103.35288053112627,102.56387389449979,98.29442504975627
2024-06-06,101.02730992804479,95.56431220817683,98.94871168880452,96.76984458144892,99.66432196664523,96.28137519152975,96.30296890688699,98.65508651606196,97.91128194436874,99.98742177968381,101.03485727022799,105.73437705658067,100.58196860781534,102.07495720915787,102.6057342682109,98.70962338580793
2024-06-07,101.06721960734166,95.41240763156507,100.08751683315755,96.27464923820914,97.94893559135033,95.75652089448148,96.96075709259475,98.43300146399125,97.55221963188393,100.24427154457751,100.96002954638988,104.92128439946701,99.75616114762077,101.76050690882903,102.61763001852,99.35841842326035
2024-06-10,100.92758960571663,96.02084969528985,100.21101106842187,96.05104897410457,97.4127687650754,95.09682015945037,97.38907024733348,98.51439589614066,97.87836731324249,101.57029151578469,100.7308627249866,104.5792419387001,99.88014646170556,100.84821233384116,102.34707886077001,98.8144025746031
2024-06-11,100.35079514576941,95.30275515474388,100.03519396445925,96.50105143725233,98.05504751054566,95.49837495619016,98.44600610061688,97.79154850745698,97.58222885368552,101.43551703085049,101.14245798235845,104.68865502278122,100.1271931529446,100.37619063350583,101.67486834471681,98.96741650181775
2024-06-12,99.98501917257728,93.60712955320469,99.79975417982232,95.43120681609912,97.31886212782447,95.67398802786528,99.40451937505824,99.18251276253254,97.02487978250699,101.46073409858111,101.56329725692386,104.95580627414517,99.99510503206277,98.74686055452379,101.16371147698841,99.72372679687255
2024-06-13,100.72032337945924,93.8993747218556,100.34283364831471,95.44517539488834,97.10509969881454,95.5373157640639,99.98949722103966,98.58720520100772,96.73704970658345,101.51324895450729,101.71600735671208,105.13520357927494,99.66968226570833,98.71242874197314,100.629762037394,100.04705646622045
2024-06-14,101.736586758573,94.85321543255016,100.7512170050585,95.59719903920282,97.17165911426441,94.7014303153635,98.90839512155026,97.73926887146507,97.37324083409298,101.90980957767577,101.64129904526062,105.43824873690362,100.12568630362576,98.14952844407762,100.43997970123763,99.77311516927239
2024-06-17,102.55173270926451,95.43725499371428,100.96572524776116,95.84603150311449,98.18445783296207,94.94470742950216,99.58924116327472,97.77690754899588,97.30373925100267,101.26129366118057,101.54113798949129,104.68878738577155,99.97066691187472,98.18374098991886,100.63081099433973,100.46861535145821
2024-06-18,102.15436379351462,95.39529534176503,101.87618090050276,95.44534832962196,97.04430467708889,95.56220678634473,99.45022834563456,98.32228779237477,97.24356096022734,100.23058862178434,101.5792843835276,104.19562915442648,99.18379553228756,97.37209091930725,101.05298007853018,100.46332651927136
2024-06-19,101.70718038925256,95.31690339035322,101.60973993403543,95.58531115598998,96.79484453302351,95.78679494775656,99.05482267027878,98.23830380950483,97.23630270373246,99.87605992926963,101.22065684347015,104.44545524660494,98.21708891964586,97.44098185283715,100.73343267423358,99.92666212165271
2024-06-20,101.74318472669172,95.63349727160137,101.65367106918188,94.37264918446728,97.41324918201697,96.46539305927926,99.34654640323399,97.79863777084789,97.80433112920754,99.15042381326289,101.44958056803337,103.60560412589182,98.83706454847412,97.22669605300364,100.39768330761439,100.13252176373425
2024-06-21,100.70110359262773,94.98992648541783,100.77903492674507,93.91829992015029,98.01074528004156,95.76876521595146,99.77951326563985,98.34642070746983,97.4141291047266,98.95524585405408,101.65761013318426,103.24744423820738,99.0275956150182,97.90771775991807,99.86514802391575,100.40068781507078
2024-06-24,100.9323197815273,95.28899305272431,101.16872051807823,94.20228345520813,98.08663943815294,95.27399258336126,100.07809782629586,98.75163895107131,98.05157199083949,99.2161364952452,102.43796443284103,103.48649371446268,99.10722684380244,98.61580100156026,100.09621626981904,100.62115696761494
2024-06-25,100.81319303024074,95.50036761888127,100.65659043956019,93.69373803036713,97.41874892581387,93.62449258958759,99.3711901054222,98.77290009608805,98.20822247781605,98.68660304016763,103.13904367447213,103.05630933090634,98.81033828318864,98.98177828360794,100.82003705753124,100.09310686764483
2024-06-26,100.50446837666823,95.9361798562122,100.34008690682492,93.64431662744094,98.31576905793482,93.07501178948921,99.58914118995737,98.98793386831628,98.15648446976407,97.93846392418136,102.81433413982568,103.93680340360707,98.48786267506804,98.79935020533003,101.4779123652697,100.12150833968798
2024-06-27,99.76870352536234,97.30802575295652,100.2203271844097,93.92203136000838,99.18437393339815,93.94565018095568,99.63798005238537,100.51134406709843,99.31226243342726,98.09692596709485,103.15449713172981,104.44065658341796,98.05391907472568,99.80952301139418,101.84398924345119,100.31975682408645
2024-06-28,99.99554595917596,97.43781171679137,100.44858434474999,93.73950649891489,99.41672294155116,94.25558117530147,99.77577720687243,101.60226127508139,98.75211018207519,98.5563256314532,102.62637719686786,103.48003406888095,97.77215248624724,99.00273794114372,102.39991874393158,100.78258133687872
2024-07-01,99.84434459055294,97.35920690907386,101.39108942710344,93.92679451520576,99.30139678056963,94.05014127868918,99.57555017538814,101.26467337347376,98.63472800903101,97.66950115286951,103.0437561327215,103.18454553445584,96.85931120899994,98.36964455454009,102.95822257043541,100.8470885526551
2024-07-02,99.20507674971488,97.27339710204559,100.63700467268899,93.4176499406119,99.15488628286549,94.11673476237922,99.52990390578414,102.14411931646165,98.00845128860733,98.09863309211279,102.75660175758674,101.98625085953836,96.4905308348633,98.31813459074901,103.15148791408828,101.28653830833659
2024-07-03,97.51404749973128,96.07860566717031,100.17279976366645,93.03015042396929,98.50632349748506,94.05358784498314,100.13638459834422,102.54487743369805,98.40980316784312,98.59507065812443,102.16316971588255,101.55818490728346,96.29180187382258,99.39306345033168,103.47804255647969,101.29818919797604
2024-07-04,97.78441357171185,96.11765222439485,100.54681228376481,93.60453203054037,99.30199820901944,93.85169972257816,99.39122019055733,102.63762515427463,99.34409389234116,98.94470862599549,102.40900162382012,102.12504187960234,96.70814868012087,99.36668008380994,103.06699008063762,100.90722309898827
2024-07-05,98.40290616048796,95.64758362583109,99.66520436989953,93.40614070340165,99.55491210513175,94.27986470273349,100.4430689352971,101.87741004571443,100.16740699514936,99.5735520979211,101.03889100471936,102.03656071567015,96.67338435725067,99.26046047239917,102.17413048613875,100.71043737592711
2024-07-08,98.99721249759546,95.14825644748922,99.19024913858263,92.89704698037426,99.55428402349486,93.40737215789296,99.42980990351067,101.68982799302194,100.7883756078857,100.65558659469411,100.16422128993787,102.32301625572366,96.95340048921378,98.50106911708187,101.84870261418979,100.9849841215748
2024-07-09,98.68860314089537,95.15568794444175,98.98016232305027,92.91176966436008,98.89389484215326,93.1940091793705,98.83068125475506,101.00292727700048,100.75597747501106,100.37065925606747,100.14210187607604,101.67051947550183,97.52602556380845,98.94483305437764,101.82146916875512,100.03560265359481
2024-07-10,98.07422012724325,94.37620686617157,99.48035866246855,92.9186085489335,98.9004704234243,93.80844499706099,99.14356824205403,101.50606802474849,100.49852952036005,100.51112423435423,100.11005959115936,101.97039208557203,97.90586971697108,99.34188912896155,102.03580025213246,100.2715247763736
2024-07-11,98.68944792359234,95.36332137197283,100.40769608075517,92.36714380216327,99.84452149173867,93.40966283792243,99.26676495463094,101.91134711538616,99.73192554020534,100.21238761633882,99.9951992869894,101.72294021986845,98.25362478461068,99.80388936281543,102.96477713814815,99.37848762170131
2024-07-12,98.43942082929703,95.6716146295018,100.2530392735899,93.15132465145578,100.7180047020239,93.4198668127198,98.95727188518816,100.64272256715326,100.84058321609672,100.09485652289871,99.29554168967144,101.84045650074285,98.32034636177055,99.5365262068934,102.90379745092943,99.79579958887032
2024-07-15,98.95966532324513,96.13359035052301,100.75908858068092,93.37586192430938,102.27133229976334,94.3243609557577,98.59067553807965,100.34894632036372,101.19632703185897,100.7058721984618,99.00673708848336,101.93008652846825,97.93702174972512,99.254858484825,103.37907055464488,99.47661504189398
2024-07-16,99.32313486706502,95.92439610475476,101.06390815567654,93.5654386842788,101.61979605162247,94.5119081546865,98.97525179903714,101.05157930672152,100.88361231993379,100.11401370002666,99.13759834739548,101.13086075904967,98.28399738892529,98.5975055714647,103.32081389918693,99.6948800221586
2024-07-17,99.60676211181723,95.615667433906,101.52704920812351,93.78773179378722,100.93096041915743,94.83882290664313,98.97320764985467,101.0495585912452,101.50326290179876,99.74847319371118,99.37502628966331,100.5325132355819,99.00976467236553,98.58107866018467,103.20320916090597,100.26005779991618
2024-07-18,99.57676879008073,96.01749545151475,100.66680080969141,93.17113084134601,100.67747065516205,94.59759699718273,99.74796763650794,101.48009574433617,100.98242735549073,100.47459134854016,99.33908659125647,100.942425283831,99.1789804352435,98.0455872758381,102.60291128457624,100.6288687463615
2024-07-19,99.49035591303755,95.60348079296051,99.65754966991052,92.86055577083785,99.89616285614254,94.78110957279318,100.2411845494305,101.71058541793903,101.16092489260961,101.02271418235773,99.88866573405545,101.06761016650962,100.1291390052512,97.46399261314612,102.3097266295272,100.2270494947447
2024-07-22,99.44663089346287,95.71600983485449,101.15299542990925,93.13713659510819,100.82125469208789,95.12437747181121,100.7815717827788,101.96900465245182,101.06674298721461,100.85829210223616,100.0805047401396,101.47283156800864,99.50635041219978,97.31952246583978,102.64889259143033,100.2800264958481
2024-07-23,99.26224847754041,95.86244135578808,101.90954335038064,92.99976456576216,102.60684144441666,94.93240373123467,100.07266098641657,101.65722587026302,101.47604454975625,101.17954099700346,99.79178662969292,101.77207043507708,99.01358608840346,97.1327770566555,102.4931895681785,99.78470931348532
2024-07-24,99.5058339827479,95.659361802707,102.27908874242166,94.17404764945474,102.44406397784145,94.18336553493029,99.83038109300341,100.8957217185792,101.53928040979481,101.23622495469516,99.74572577218312,101.98122281249712,99.58068245633413,96.95133264765879,102.77296763610705,98.49691893964449
2024-07-25,99.86586511664167,95.4829010493568,103.04929091677349,93.9477530845246,102.81938240238266,94.37525851946951,99.79205305860054,100.47595848230044,100.82208679553291,102.00248457728749,99.06500373627388,101.18643463782269,99.86870147792271,97.24386921385724,102.62245421524554,97.68294298491315
2024-07-26,100.2358657687055,95.15809329454778,101.48379681399462,93.59995803185944,102.96643519211077,94.93682689694475,99.16708198474772,100.70004071908328,100.86958763545692,102.01176431659442,99.02067686561738,101.03945009763409,100.43860743602706,97.24874770574979,102.54899098165953,97.8037490072538
2024-07-29,99.64964631273027,95.36947686744178,101.19043993520005,93.50344246225366,102.66011414797069,95.1348626262626,99.3321644198955,100.69625077178404,101.3918464302348,102.54247899394076,99.56483847762884,101.05731228464253,100.36412288664795,97.07741063854702,103.65253742161799,97.76009694837438
2024-07-30,100.44550808423385,95.53547238610834,101.40144284976952,92.99522154498314,102.68205276764112,95.78419688532524,99.2257672503831,100.77230610161688,101.34245523821184,103.96301030713111,99.87249844363588,101.98672974075353,99.97847492559522,97.18004271927305,103.6092901904556,97.04167771597182
2024-07-31,100.81829511382313,96.25477903031845,103.12631226366011,93.31614851935059,103.1317854041297,95.44284072805004,99.41308079115655,100.51238735465869,101.8556645093605,104.1449566983967,100.69339007088634,102.5669859818219,100.14652868124871,96.83558522523474,103.77746651846533,96.75182670306991
2024-08-01,100.93290744158287,96.8105063878239,102.76203396698963,93.59527198192865,103.50336904620929,95.63254381546442,98.73188503594807,100.20869959754693,101.35674096042679,104.11528783474502,100.5729167304843,103.34119758766653,99.3696676006653,96.8909429345328,103.65357279897174,96.84437080754739
2024-08-02,100.71945734232244,96.9468912351864,103.19980782323002,93.60232587414157,103.47114724319167,95.66698383988177,99.5158982290876,100.6952376658584,101.38507875749963,104.44330012840362,101.29371365556538,103.72331255032768,98.88796728640699,97.00463832617731,103.8983173425716,96.62071967495461
2024-08-05,99.58342201118,97.21613268456127,102.77567274069048,93.64251606353824,102.48387943239845,95.22492302429494,99.07158158799724,100.51378027909614,101.06323410615414,104.2567602081943,101.19009301196145,103.29509664376918,99.37309662161114,96.2807575654945,104.46545550310506,96.95873141143765
2024-08-06,99.70029562624498,96.80915613184689,102.42881785031838,93.05696658083544,102.46380579926546,95.26557655867866,99.08929102562455,99.76407120885847,101.44735061619426,105.49106623772622,101.94336639900004,103.45665308875644,99.68817656396166,96.708725019643,104.53000962681432,96.53198091694132
2024-08-07,100.16172414633546,97.07301487476327,102.23221958366469,92.44614704900876,103.1849284392249,94.48636986821728,99.22789111809847,99.91764798775783,101.5363737780647,105.47727232998834,102.00561206578796,103.68920611948964,99.86820340339845,96.29792773038363,103.24107952983566,96.62453581277221
2024-08-08,100.14714993065654,96.95653714407601,102.32270768805489,92.72069518418702,103.49908182076982,93.96368266943398,98.76187228888995,99.66107632392163,101.94609103989671,105.24944309153652,102.42600938277566,103.28378887276656,99.0363722088234,96.36368689017783,103.18797388925314,96.32129646535759
2024-08-09,100.24184490906975,95.8786350502464,102.03062641012397,93.59632054221092,103.78314939579131,93.76616934268964,98.94768755641907,99.47754835807248,102.57130247619763,104.7098832682194,103.25397441484012,103.2015696451096,98.85424777855728,96.93784971282767,103.74568141002757,95.74302690005494
2024-08-12,100.66755075040643,95.99949750477101,102.72718568330896,93.77341335102973,104.68795802293951,94.0974432147799,98.52180929925126,100.47060581521039,102.91242713031288,105.32894390202803,103.13994002199651,103.09318529322509,98.38417515961284,97.44053310980773,103.88173155213454,95.75004294764572
2024-08-13,99.5896837228502,96.36845123211862,102.73341514617972,93.57011794610514,104.22631196082106,93.32864210413241,99.05807815412831,100.29553812270875,103.07916144061772,105.73505446937384,103.2787771200332,104.03746089547836,98.83067456280057,97.40269368621681,104.09384355437919,96.46353216703322
2024-08-14,99.63319452813344,97.220669527017,103.59269127551673,94.19670561805977,105.43379892224966,93.74982384916534,99.06535280874766,100.5312335167726,102.65155531080032,105.39807409437903,104.03322597821736,103.2187575182373,98.7961198096565,97.3450075525015,102.69233754341691,95.84886628999705
2024-08-15,100.19186989707612,97.87299959845845,103.95929361391087,93.76593414829523,105.61401994734973,94.2272113675847,98.96427972935666,100.13918646495141,102.63097673215151,105.75203608270255,103.94467153513354,103.828813054377,98.39218449594335,97.85853860821753,102.20097038186222,96.04882871057168
2024-08-16,99.77347630831107,98.74417400990959,103.7019507160136,94.78051174423189,106.78240497419809,93.77092689710005,98.72728585342611,99.97408620459554,102.41002184190168,104.8955664095372,103.3131344288659,103.42691389232807,98.50057782707651,98.23984288252107,102.27290057481473,95.52464192105802
2024-08-19,99.70886891636523,98.5349791710788,103.11149938311092,94.65765140583449,106.49562213579091,93.03825733472854,99.10206352979576,100.23768463595167,102.21394531617538,105.00700221507206,104.40561043676426,102.70064657272621,98.080339191961,97.88685652915615,102.57872628858324,94.96013550104973
2024-08-20,98.9054267426184,98.40444997943588,102.50167527610576,95.31039244173705,106.20948661015674,93.5958519134488,99.3167151333481,99.86487237476771,101.85923100459142,105.47491573973429,103.99376177940931,102.98482842004952,98.78369455217394,97.45706665421831,103.50042387272633,96.21940133620787
2024-08-21,99.32319427330508,98.34768011796264,104.24460732602992,95.15699609521026,105.96555094192246,93.01762189778312,98.62984138469359,99.68348024746257,101.44858151229687,106.24488752217924,104.16588065037331,103.45086429177326,98.4260610478146,96.47417058998316,103.40930828065586,97.16584252626448
2024-08-22,99.52096726445072,98.4309212904856,103.94488471850256,96.26050397412264,106.5482774096389,93.11003772332046,98.54645498382179,99.74494861398155,100.45763060004715,105.84100378578982,104.7666325526043,104.01268197267726,97.79521250546274,96.57505794473789,103.70422699726502,98.05206204276598
2024-08-23,98.49141107174754,98.4353872787659,104.14899233474692,96.39281917235917,105.57686245355373,93.14984335074416,98.1281670013906,99.88426316448144,100.05240721259507,105.25830286267701,104.37515242586903,104.31955893867593,96.66007755731776,96.48299510724937,103.8622245561176,98.1875571769219
2024-08-26,99.08687565997151,99.04335444874162,104.63018416131911,96.68468150495312,105.26504857874319,92.25511662760661,99.04795796596694,100.41159539570734,100.13601849618698,104.80308212269537,103.83683081586364,105.34442458539826,96.63573377314533,97.02736599685531,103.42515462588588,97.75726713536092
2024-08-27,99.13800293854642,99.43025687227616,105.298461009617,97.25631292757176,105.64848630574795,92.2661554406553,98.91672301359858,100.6912841594968,99.43471541865777,104.15144870582094,103.93878914555836,105.42866246672457,96.48897852393279,97.2567145429246,102.43077316913747,97.50064687282818
2024-08-28,98.84168071958935,99.35855721439049,106.56952656156453,97.2428700736568,105.34918403565814,91.92950215229068,99.17405228226339,101.32077525156001,99.5012621193691,104.77061092347158,103.0719608292254,105.46591467028526,95.84492214305828,97.93769446528576,102.51591140053434,96.42305234842316
2024-08-29,98.77278460192981,99.16610610208848,106.50761647091562,97.64281430457402,106.12938199914892,92.18976381940318,99.2524997996263,100.79842598319411,100.4497051211561,105.58352332176561,102.92219841254354,105.69602034520564,96.3617088941051,97.57044900952245,102.57806289224132,96.33957856012037
2024-08-30,99.57015842890718,99.75815982222174,107.18855576760014,97.95728516609728,107.35343283071334,91.58872506979664,98.52587942922862,100.6553036204487,101.03888069573281,105.64351677339442,103.12393348129534,106.4242999388897,96.72225959617981,98.16155826030717,102.22930696224913,97.03400920071282
2024-09-02,99.05171550544635,99.06294938458788,107.37966954844096,96.9733432913203,108.42410416394293,92.13954624217743,98.3567152474921,100.58275808465412,101.93877617992267,106.20426070278562,103.05172379666621,106.20287125000698,96.73225733587356,97.9222683645288,101.18897971320024,96.56405742481053
2024-09-03,99.25944691634511,98.18057441461411,108.57136921775248,96.61539032518264,108.2078431468335,90.92487769923105,98.46675508405947,99.82593634590134,102.23654446795496,106.13985864686299,102.35784246334563,106.03039106803847,97.44783910396185,98.34620138321736,101.33922100804125,96.37886030738099
2024-09-04,99.89990850317702,98.37300268723351,109.76794882513812,96.99184939793702,109.10899531362281,91.78049409037895,98.58875181874258,100.48578975161331,102.79751759907658,106.15557850290027,103.13927783973173,105.66429970765851,97.92976313341099,97.69802699088933,101.3155762903857,97.2054551925644
2024-09-05,100.0583134072532,97.51887328814408,108.8944311733271,96.94799850286185,107.94521834901406,92.01212562563558,99.45387907683877,101.88622841273609,102.33072292822678,106.11131779384576,103.09661375035051,104.40350370314688,97.47684849458015,97.77197740408037,101.74482556931812,97.30148766516945
2024-09-06,100.19194364778978,97.29563956717506,108.11022927085699,96.9751901439763,107.62197387550476,92.62021186517948,100.13578451469358,102.0157652134287,101.94976109125096,106.02114011577919,103.78424863495775,104.34236398662998,96.98853836690652,96.8055903109948,102.81370108886883,98.5083981299822
2024-09-09,100.02317940023906,97.28930244900495,108.10047003535881,97.58116139656681,107.22045578337038,91.95784842340919,99.97325370564583,101.69521480200451,100.698822651871,104.97681636397547,103.78938340151365,103.53497415466593,97.25152679495913,96.64874269695173,101.76959638139155,99.59550359194644
2024-09-10,99.65963526927233,97.17498211796806,108.03302085774718,96.67574425809366,108.07208736890593,92.1258483229873,99.45768777592507,101.51628425912187,101.39600457482953,104.98106545415462,103.43387075534824,103.78639705650654,97.46898341315477,96.88907674601539,101.18871303055508,99.09433275409518
2024-09-11,99.3641595243576,97.4952134457108,107.38120810142186,96.38233792890473,107.14253854662283,91.87333205585216,98.84955882716743,101.07686029599788,102.16922219344104,104.95935208145728,103.56231980766056,104.28102832114628,97.40798269873613,96.57110314314099,101.12748767679174,98.9312717471921
2024-09-12,99.28301569139163,98.23387660825206,109.16061238193848,95.97973938844524,108.7703956208548,90.9569343112297,98.2178994417856,99.90948841855501,102.02660716404752,105.1693544040607,103.59236808218238,104.23566417300879,97.15810167359837,96.16243536114378,101.60802813424216,98.739408510374
2024-09-13,97.89248407983919,98.46700667238618,109.12407764791546,96.39364271018842,109.24845903214539,91.359409731392,98.11005477969714,99.38668517756261,101.9591980099146,105.12870398546659,103.04684504727307,105.2272845735419,97.45348734110497,96.58177234631715,100.69663780753079,98.40461598629142
2024-09-16,98.17338780751832,98.86766208105006,109.27930485240024,96.41871562927145,110.68359510981918,91.16295994142529,98.25597108994805,98.59376076040446,101.61292352046746,104.9888816148271,103.84505540136064,104.51416740450212,97.09419826112013,96.54311515801324,101.64180117463879,97.76645272572556
2024-09-17,98.55297835661914,98.23592094284037,109.2538398945118,96.5481117804332,109.73785361777661,91.26848272680347,97.2055523281702,99.4571747567187,101.80878941450302,104.53421392057282,103.52374749474822,105.18181234152142,97.04218891105427,96.30446857751687,101.64918595346906,98.28493561077879
2024-09-18,97.91704154707283,99.4389844396778,111.11404357422802,96.6851239768558,111.7110108329904,91.41611010790814,96.89036921985728,99.18486394666405,102.54172341267103,104.3778059089857,102.73453890950053,105.80462370730181,97.97610491419555,96.45248144036313,101.21821941604519,98.10310240669111
2024-09-19,96.98184899235869,98.87201934817791,109.05656266924608,96.81682022711404,111.35644548603926,90.92876035751436,96.9469510695805,98.98716555825297,101.62513166537768,104.78759072370597,103.39164429913745,104.95893005324068,97.48744250461547,97.65148336828149,101.13853156452089,98.26716798217154
2024-09-20,97.35593562157857,99.30311267550277,108.88628580345609,97.40267814012775,110.99456253322835,91.06111418541299,96.69364861509801,99.31992900897474,101.86695746184336,104.13971580406722,103.16526597735063,106.42431079652806,96.72577224341529,98.2250060945057,100.91452218803877,97.63473929407742
2024-09-23,98.29771868293325,98.71831699265601,109.00901348818283,97.6107682494885,111.44775344603244,90.63191639195566,97.19065678575637,98.66261513876707,101.76518963828724,104.12994742683348,102.89169597314442,106.50527713141027,96.19733046351176,98.79426889036172,101.34713296051765,96.86161377807994
2024-09-24,98.45704422022567,98.1595208478089,110.11548130784654,97.70424929969607,112.01870725492107,90.36655702109744,97.23474802186985,98.16592802661586,101.8901913197418,104.16445959359723,102.0548700504884,106.16574409292676,96.73803834460278,99.04960004196,100.65841400277344,96.6192232983807
2024-09-25,98.18566103834894,98.65915751343628,110.04610081891082,98.08172016753055,112.08330530455022,90.54764400914347,98.01387023309763,98.33913442680961,102.10671059621895,103.83011801816542,102.9293796677478,105.40695656684285,96.94130330178209,99.16292638987473,100.7580749363186,96.22859893811398
2024-09-26,97.94312069381328,98.68240665075393,108.83586302723319,97.56321270778048,111.31143490299993,89.73027314304245,97.79032423455486,98.74942571690816,102.03716418800934,103.48400824004199,102.29444608492312,105.39436285816855,96.82119184899109,97.9596964125928,100.49839656320374,95.95785208882988
2024-09-27,98.77564891843518,98.42806523134445,109.50187619436853,98.1523328846316,111.2689932112277,89.35797647842016,98.23529733293445,98.993821161401,102.00395047177591,103.58292966189136,102.34403230097939,105.33816443211563,96.63917853715846,97.66036032663511,100.0704097546247,96.34660306216918
2024-09-30,98.81376222416878,98.4468459176727,109.96917833144128,99.35537939969647,113.26334195650189,89.77746353758744,98.89525906463123,99.01425319693404,101.97157959886044,102.90493186857029,102.88944697958678,105.48228434855977,97.01002796000881,97.50157024557579,101.2237400311727,96.38565893624317
2024-10-01,98.42937204238194,99.03469926731483,109.48167287225272,99.89343274547328,113.32329483055415,90.08213755703005,99.47784793225011,99.01520834951818,102.50163100912981,103.04520568254094,103.14096582775944,105.42938377615884,96.62732854573235,96.60858612242306,101.30155618360273,96.79981622847997
2024-10-02,98.43913526903543,98.7480671321422,109.74365738657409,99.80069925094406,114.35460583177846,90.15977519818546,99.05465317580699,99.35489908629565,102.72941364755232,102.59286810125676,103.12319590326899,105.80274710241915,96.93798715837883,96.12213471245475,101.42574168533305,95.94770150765851
2024-10-03,97.94427417589382,99.5116308185981,109.51008690124738,99.95443332046642,113.81284879793627,90.43702557607749,99.07154014126768,99.57388798514403,102.8002829019764,103.19975381791944,102.20726166557807,105.51933119209436,96.58771432943834,95.16843981879175,102.06028063978265,95.88769834425143
2024-10-04,98.091771787379,99.1745812311859,109.37428670272644,99.40686730402454,113.57868327285163,90.26300158918484,98.86856456871321,99.03985547490885,102.16648703483355,104.39196495103809,101.81164277189632,104.52117723681708,96.18788208843758,95.16793666353419,101.30553118242665,96.18369348301766
2024-10-07,99.16305554203551,99.86682769133985,109.00886341367794,99.98004149578664,114.90557454995476,90.58331465149546,98.88956053511286,98.9209315275673,102.08357149332612,103.81011082914813,102.01750995323404,104.67139300803507,96.01963888253657,95.63679113199385,101.87890005021585,95.78596812933388
2024-10-08,99.1613653719157,99.54921134794652,109.38982274904974,100.0169481253582,113.82828174486477,90.18879952533766,98.97262455987934,98.18246018511222,102.60947420625399,103.98906478335357,101.6823473310183,103.62386792800658,95.76958937504321,96.14697229249745,100.48333477181914,96.30625364850142
2024-10-09,99.24822234038669,100.10325795246904,110.55214236917949,99.31789699600202,114.07893247719261,90.38810412095238,98.65619461345636,98.32961059658984,102.63322335260003,103.62360232903352,101.79016124230516,103.80765453449897,95.86710525316718,96.39986702010697,99.99526403868897,96.29222297444599
2024-10-10,99.12647411063809,99.87809606892584,111.02314013496888,98.76520873407952,114.17897787494368,90.70067882327453,98.5110069758261,97.93967949026705,103.02007463961691,104.09261859419819,102.185182834356,103.37601833372099,95.960968725816,95.93785788799872,99.73480576237367,97.12562781291774
2024-10-11,98.15721069808203,99.53477697923167,109.91790387257873,98.41076579950143,113.75227885790326,90.5913380884714,97.72332779968839,99.36054878865336,103.86197072049403,103.53318286971529,102.60694135664674,103.37345142931026,94.15974888904911,94.97987216541196,100.10198540339552,97.5540923117046
2024-10-14,98.4165520900157,99.35562607927295,109.52565482066758,98.06814584348912,113.26807370410623,91.22682542675201,98.36717961069836,99.28487510198181,104.40874067095984,103.76795502351972,101.98566250140502,104.11221272508344,93.71470981803819,94.12005403604698,100.19310255200658,98.05776112532517
2024-10-15,98.27187807284218,98.75058827157628,109.38776431413835,97.35775350172861,113.2773337988886,90.3472176909073,97.95522040989269,98.44845982626454,104.49197637920813,103.26057044677613,103.14611454807925,103.7023703993167,93.47087397182935,93.50409990810562,100.08671637158784,97.86837435110047
2024-10-16,98.23269835235756,99.18001925896445,109.78898752179143,97.60240579277533,113.78601401223428,90.9868828847327,97.8918219927576,98.2951914759075,104.24587538041195,103.12037461348143,103.56308264632989,104.2569143476745,94.16587937468891,93.08990157677833,100.11470373708775,97.93586337201282
2024-10-17,99.83742259449136,98.96191721798945,110.12095055237279,97.75417776167144,114.26036929789944,90.54776328897961,97.48918552924383,98.30134948219263,102.9676370985787,102.50890319480558,103.60675590628942,104.03440905820376,93.58070182881352,92.99364210667443,99.75405779189019,98.62966573662472
2024-10-18,99.8280851930426,98.66957815735744,109.4546935935633,97.48686836569506,113.35304780626798,90.39188794831847,98.00875156931394,99.09024915267479,102.8814804786877,102.92527159288707,104.173216973532,104.99166234826458,93.59919809143672,92.4972403539586,99.00187590137496,99.42971767328362
2024-10-21,99.79165969239733,98.56164713426172,110.09925207624343,97.48529766261774,113.93408765971691,89.70798254601102,96.77997746872052,98.94703280786706,102.70364549642943,102.52766810875474,105.4020541437616,104.72019451916927,94.45341683840041,92.71881170576802,99.33003737768757,99.69162836104121
2024-10-22,99.59845544412002,97.34884570212948,110.44841537287992,98.01633909797435,114.6893984821505,89.28142596369635,96.57877759270363,97.99516282836841,102.95493067218393,102.73470661110893,104.6980409674058,104.35802407609194,93.8092083922947,92.6098844155944,99.6534397393939,99.60721828501595
2024-10-23,100.05028841337338,97.09578614939296,110.89142284730673,98.70376774899371,114.89072471841268,88.93333233949498,96.6134781476698,98.45179732066855,102.8304451652303,102.61155238110237,104.53414473383525,104.62695940136362,93.93577493188675,92.58225296214692,100.57262303347467,100.55567656692801
2024-10-24,100.19317747430323,98.34396243789655,111.34805018308785,98.56300123384084,114.25449673398758,88.99722355190949,96.6868904937359,98.03713747028917,102.59773127955967,102.66025781113892,103.22983196835547,104.2707814793754,93.63910599714725,93.1332447110878,100.2021314076664,99.49832035765122
2024-10-25,99.53803579687536,98.78574605771654,111.82344953227576,98.33368820878393,114.5687652107038,89.09864802276707,97.664617245967,97.94179125749126,101.65389695928721,102.78930731418814,103.29367958557154,103.74805507004439,93.43804198880417,92.59457907790961,100.59743313026328,98.87689328869239
2024-10-28,100.05718837351523,98.8492794334336,112.00366491340202,98.64076942588646,113.58110908979504,89.51979182651719,97.22962444012343,97.81786897584871,101.18476309044195,102.3912451076746,103.4902397545181,103.50708103290948,93.08928520655945,92.80129429323357,100.43163174218854,99.16307683507954
2024-10-29,99.55512720237935,98.52634952073244,112.51390694661347,98.27912131330258,113.23790279376755,89.61325856172444,97.6076206797836,97.78801223604935,101.41798379522339,102.50793221283656,103.46159570248936,103.52075350580662,92.70124648689917,92.77050130200782,101.00800027300234,99.14364905936264
2024-10-30,100.94165275315463,99.07974509971635,113.86378728439344,98.68589608372446,115.37728736799575,89.8373189290952,97.89893667474166,98.29041762594545,102.33496615184077,103.27653820672742,103.16702389468824,104.31116924454867,94.23192513912714,92.73307002213228,101.20339523486084,98.77851455285794
2024-10-31,101.28092755350573,99.09311176705401,112.9266785140631,98.83024587190788,114.34340600237091,89.5506008183196,98.69536734562871,98.10466619989394,102.22554790660338,102.95788235092974,102.05578053454612,103.2539276434766,94.58734706760191,93.11298001424906,101.34808010193319,98.90295772847024
2024-11-01,101.5872696087825,99.13669283511001,114.74801646159504,98.46105423268196,115.06995233548241,88.96577380825177,98.20151782585594,97.83200401512157,102.46920873158814,103.46519770680067,102.32242627684009,103.2634104680996,95.2590737497186,93.60592066728134,101.15115224054729,99.08239480077341
2024-11-04,102.11431538389971,99.57794413462604,114.96217925091653,98.97550148463762,115.2725285555495,89.33097955845855,97.44765856329812,97.46210089285864,103.03877797386663,104.10647311726562,103.15025410749101,103.71079730209496,95.36074304454837,93.12382390549826,101.68161724686442,98.77864533895175
2024-11-05,101.96887811661225,99.72549129904729,114.37757068472303,98.81816331754662,113.98921823731611,89.03835462474163,98.01357488447766,97.56070235764808,102.60343295880254,103.7050196930723,102.82742212588118,103.82605957853369,94.54586447412208,93.01168376659949,102.01001802970934,99.07762108685716
2024-11-06,102.8319279436172,100.5578190302173,114.82923044372389,99.07304173510644,114.53574969290786,89.97606924657734,98.40023055401488,97.77091597548785,102.77632931315385,102.99322898233683,103.03842471716851,104.38863664408599,94.90583314306967,93.2165270729741,101.6636151466668,99.52888708182374
2024-11-07,102.76968524515505,100.38310096330103,114.17743641923363,98.70715792909837,114.1322541505759,90.05701321371306,97.78240558175074,98.0686788267348,102.31456056270302,103.24415849100272,102.15187036136903,104.20811279297828,95.27946085751965,93.01685708461797,101.21560633982986,100.60683909651871
2024-11-08,102.75092283560139,100.8510558423481,115.14513719326915,99.13441697116102,114.64870511921228,90.3038154915559,97.7384834509283,98.68680557007734,102.73234026772269,103.0179892178964,102.36015720365958,103.98334739784198,95.05341532097529,93.36385490047057,101.06621473967073,101.57133359002933
2024-11-11,101.94276325285885,100.59542659000209,114.19274874064602,97.7793893437,113.40535510930978,91.14045456111923,98.21685207486318,99.11528846735678,102.69363395327254,104.1382105585772,102.04325385638997,104.17697167721158,95.37664117919715,93.41248752390615,101.97127671136433,102.01160096901891
2024-11-12,102.79685667631968,101.30411146675257,115.054990628303,98.85868610436641,114.58595332598438,91.35613133452742,98.31463458901034,99.06353200995832,102.94544743937539,104.01525501143429,101.75230882413572,104.30652941163605,95.76477268122248,94.31657153693055,102.52998703795278,102.0650189181606
2024-11-13,102.60197993674399,101.09002794583444,115.92998895779014,98.85713111408822,114.76210769693694,91.33668464291343,98.00147814750899,98.29100152224024,102.5295984935975,103.6140579414059,101.35254679205946,104.06431630743423,96.63558579698758,93.58738662300678,102.01964370136226,101.40640832277867
2024-11-14,102.57475276693475,101.03217719014114,116.9714475930455,99.26561638358434,115.34555392714496,90.90888317768831,96.37374208634341,98.13217404662349,102.96000504725862,102.92662796627252,101.21944383771955,104.40564918312015,96.46139691999043,93.55591381243119,101.38511010745516,101.04063944822717
2024-11-15,102.13997249907575,101.14809320328646,117.25290305732112,99.79469351145369,115.27746896607314,90.9653199683605,96.7070042327791,98.45632909591463,104.03370520295505,103.50746760125669,101.4081837983525,104.08095663455792,95.99149120529738,93.15407150576117,101.94960267876836,100.77448604833481
2024-11-18,102.1735572556368,101.76662497984479,117.6916769751238,99.081109203636,115.15934438966727,90.73790254389826,95.80713513622524,98.55089316350423,103.59413253062493,103.08964986058298,100.82620536739537,103.98243420338767,95.73482036932529,93.41317924267895,101.22868008457343,101.0465559093924
2024-11-19,103.41799877039351,101.3947399294796,117.71328527016733,99.50249510070725,115.56810203639974,90.8947102626325,94.66309002899995,98.08176733012101,103.50573348315675,103.00586303262887,100.7112819638836,103.88730873097015,96.51328862496266,92.71224218074137,101.25442155954222,100.26922705726858
2024-11-20,102.8703516193541,100.63414395292037,117.88596899464822,99.37509758621462,115.80726615873729,91.15929957831243,93.54941442271027,97.96106119765805,103.56932489157438,103.58614626690155,100.63565513135887,104.50534866941454,95.67747823249995,92.87985782971454,100.95840572945676,100.69707957739551
2024-11-21,103.35597761795208,101.23385714193434,119.79529618994324,100.30736764564566,116.52649585008199,91.8081064795277,94.24285615783073,97.98078696694613,103.93321202539812,103.42491241682762,100.04165998027501,102.68129244215154,94.91826530594622,92.67740480217483,101.74945811056502,100.58798683619857
2024-11-22,104.39607980551078,101.62668971541689,120.44077616698623,99.56371621242872,117.13070484622519,92.62681046663648,94.38151720053882,98.3549511293638,103.67003676917474,103.39071929831304,100.9709031485516,102.94042047642395,95.1334234066204,92.41430951178474,101.15218284757171,100.06636743509836
2024-11-25,104.14032918954695,101.46652339091828,119.58275238858971,99.28619036326525,116.08521488067214,92.93611531000441,94.39093980861482,98.98347141907853,102.17921997958985,103.43294455026853,100.50879738369187,102.98681988211584,94.8980557802018,91.72834936612291,101.66406478375723,100.08113718850487
2024-11-26,103.84303888129061,100.96103778643513,117.91200693443191,98.43850644751204,114.85772639131841,92.94163764127921,94.8933232223082,98.5776810927001,102.83918052266326,103.79338035127155,100.13709645220443,102.0593682047683,94.61042658943012,91.38825118449421,102.07734231360482,100.55756228336597
2024-11-27,103.28238365347653,100.84437054964141,117.39746546201498,98.63481495313069,114.39209212386537,92.34090507802756,95.30031745143368,99.15064779363396,103.22575758647375,104.12434775440451,99.6434324458577,102.27772733880724,95.12153632984352,91.9072867176776,102.04642949724527,100.03546502594416
2024-11-28,103.40945445402821,101.43322096980192,116.46445472114935,98.77860859194821,113.46399987996844,91.56752093206018,96.41942028360283,99.49504706316065,102.21340809450948,104.1709428552748,100.42887136013587,102.29022871225695,94.83928811022575,91.86741483114879,101.25798745077776,99.60105797646908
2024-11-29,102.89490585638833,100.14326554861053,115.45629197557459,97.9899142493365,112.70612203213713,91.75421776880457,95.75087536721146,99.42357189075804,101.87259505596853,104.23413270825546,100.6764792562783,102.62607660670375,93.81206656496762,92.08657081297076,100.18462632566532,99.59124970150819
2024-12-02,103.44368408074331,99.81596374143847,114.84762783345927,97.67894978700792,112.97009613614297,91.24274326256574,95.34181624354972,98.95985694338917,102.77757055685062,103.88251757550154,100.30670150418229,101.42470085163728,94.71967894839139,92.85263842807421,100.03526803817235,99.2760559009107
2024-12-03,103.72249203581157,99.3688374492751,114.19160433433207,97.27687959726909,112.67089799687177,91.17370650629528,94.70773606783108,99.44644581661221,103.46535495912642,103.19385246258943,100.80564550270392,102.09679163916714,94.1587217885423,92.92306531919651,100.19504532657729,99.12418278859651
2024-12-04,104.78555890291778,98.22546484310595,114.04067055334319,96.55302319582258,111.7961941781316,91.23732786396815,94.53813801640155,99.51893108670113,103.9268391854313,103.33867071297786,100.88235285032584,101.67928627077092,93.51190450369677,92.5957417360612,99.79900771346446,99.68585099124259
2024-12-05,104.99637074048293,98.00135673956987,113.16056199083431,96.8727462581547,111.77141779502068,91.4743385597234,94.62529239083916,100.82622741921874,103.75858966171462,104.42311681501042,100.93750967846262,101.88052415734377,93.99960617311119,92.78654546232768,99.40645549301257,100.31719801011276
2024-12-06,105.27237205255314,98.93581310774684,114.16181293028546,96.80265706020134,112.29582634907895,91.89459025260108,94.83443361439193,100.30438776249848,103.8216794608108,103.9288981847017,100.78324740930901,102.23859030538196,93.81672947329976,92.5393509154296,99.74639578924538,100.54296148542923
2024-12-09,105.34464860135533,98.92450791746631,114.3903956354447,95.3760171427612,112.49511328254175,91.72437834317111,94.67421601718404,100.38253870413669,103.79031159569259,103.46470951138438,100.44170573775024,101.82818292018672,93.72674472845326,92.28853584521708,100.07620655483012,101.14574329440855
2024-12-10,104.79470720863,98.58912573944927,114.14680414066207,94.83943750791457,111.20358949489363,91.85830501738549,95.35712917917411,100.46209968159465,104.24467830187696,103.19714028364777,100.4834795241656,102.01727027281615,93.8885521678487,91.53581728073489,100.11197372495747,101.68012338145348
2024-12-11,104.7772547310045,97.74575126155919,113.36455791412273,94.15653912010993,110.86463535420816,92.38495154323662,95.74513390825238,100.06385865066856,103.75699686864859,103.6093523552041,100.17893045582171,101.79590915357937,94.33233110565172,91.9259796388549,100.55793943782838,101.65848673163049
2024-12-12,104.58838406416771,97.40582990645575,113.83931239467493,93.35597493509385,110.99798732016832,92.39661587229489,96.88561220610757,100.16602153710625,103.32193016066846,103.87585843097344,101.07559689477235,100.7578927831701,94.2045052678779,91.7559709522856,99.90105074406873,101.29066661923349
2024-12-13,104.53845301718914,97.07658462105726,112.95242403765513,92.64549160362925,110.71767630868779,92.531917788281,96.63470897445421,100.13388146260884,103.85415335184895,103.76963075271786,100.44484655452814,101.37077377829904,94.84611968560903,91.80888147562852,99.76981070477005,101.55710272496457
2024-12-16,104.73678515877916,96.42722814927313,112.76525129396624,92.20914250082522,108.62336118509772,91.95236342960223,95.88489951859111,101.33657360757663,103.88552479859688,103.20121501778743,101.27234814262603,101.19720589665549,93.65141184099964,91.26067659405304,100.50109245297641,101.71682068564367
2024-12-17,104.67712773835076,97.58157250327122,113.86026342143705,93.27729168568617,109.70788652957435,91.53298592283325,95.92159073718584,101.19919947234916,104.67515637110213,103.172294428656,101.2848362938461,100.82817940863218,94.18391637298656,91.54826784591258,100.37415654551643,102.05988879011181
2024-12-18,105.33526087906684,97.87695375225049,114.23972460131708,93.48384265043121,111.00002987891094,92.22026057759894,96.09705362767798,101.17260253251348,104.20108173547769,102.56827720254789,101.3166137771545,100.47742399820199,93.94340701080631,91.23988739467218,100.35871908924953,102.5004400397874
2024-12-19,105.93753919364373,97.2264708989567,113.24890930953792,93.11543752356475,110.58663972229488,92.08300025868891,96.6672801145424,101.14153293009029,104.17714818733097,102.6128085230333,101.74405260726896,100.56517951294882,94.47959437167438,91.13282423143272,101.70879943596529,102.60205575942453
2024-12-20,105.87360159722377,97.33877393512223,112.61109145103516,93.33143676527506,110.1635040043236,92.19066390923356,96.41640071966201,99.96539119758026,103.7054024688681,103.03387531797397,101.43138935418727,100.48618851767299,94.4808671610544,91.51046595951988,101.14995407408074,102.84994353890544
2024-12-23,104.70367273800292,97.56852278477105,113.12264774142686,93.0556242673659,110.33482747166681,91.7557210670116,95.90368220471856,99.73049972120421,103.79231595376336,102.28167448499894,101.95226984535861,100.97138321836047,94.15660760976009,91.88204577861603,101.34496920293672,102.78873282800211
2024-12-24,104.69393100518512,98.49586206841306,113.37105458768846,93.02710455081717,111.20169540501325,90.82801083565741,95.63048620264938,99.73709953449857,103.08909230402661,101.44041228738321,100.6411705645299,100.40938038023153,94.6223076488437,91.94644600254503,101.95763888712884,102.8436461850871
2024-12-25,105.49846755027275,99.4566958013002,114.11855102957638,92.60181390504766,112.1958509961714,90.36614936781024,95.77203472021915,99.983330190142,102.92351980679904,102.1377771533739,100.36286232032421,100.21641597645419,95.10512032003903,91.17539863665198,101.57274304747557,102.88064412092174
2024-12-26,105.64596003772388,99.15055570032399,113.69095024595588,91.94547431429096,111.853640388845,90.48699712033962,95.49632097293546,100.28903876214311,102.24896604750033,101.73778648621492,99.96075845297216,100.22194759880281,95.42844592399832,92.57054774045211,101.98059323512243,102.77413520139478
2024-12-27,104.9744236425763,98.62693022224418,114.09364380371328,91.6197583408345,112.01859297210962,90.01876046518571,94.9159437436559,99.79505738066656,102.67660984154729,102.20992455386386,99.40617188465667,101.35288842512837,94.86643914959957,93.36290113570233,101.37300395798783,101.93662371878854
2024-12-30,105.2772692890332,98.68236143896073,114.6602963907253,92.2331158869065,113.62649354612017,89.52616451392686,95.40604128468068,99.4761675655039,103.18099361377686,101.96114116400241,99.43029135058042,101.44435909489668,94.81154385306696,93.80356737145901,100.82285830394324,100.97400672136044
2024-12-31,105.53045747850096,98.35500781982299,114.56126645408986,92.00771567102409,113.13452564070201,89.90053119299787,94.9277647306933,99.01140246784843,102.28531922710063,101.87304821152239,99.61555853732655,101.98825114821808,94.70835169558785,93.4067346685297,101.11252071770076,101.31931024542264
2025-01-01,105.54587506915634,98.26577602139828,114.27862351414527,91.5594991421635,112.71652143761071,89.64852623808686,94.98384657757032,98.46287957274637,102.92366410691254,102.14359349529536,99.92137897993672,101.94065129188388,94.56888906201426,93.29399603201018,101.66769575256656,101.81625527343974
2025-01-02,105.47988384222373,98.81701031667932,113.97111864480198,91.18561334910882,113.42190880468488,88.95307729575998,95.28704150151843,98.60689392081483,104.22037630632038,101.68848308063248,100.04509622624155,101.68003470774222,94.937207972581,93.04787483072222,102.25453946925964,101.28218713051271
2025-01-03,105.10282088008995,98.59516679608619,114.07529595669266,91.28298947362727,113.55816221482593,88.74021073413665,94.39689729776909,97.88212020942339,104.2704531432815,101.7157341938987,99.7376184079265,101.65619351442568,93.92223355974161,93.61292761532731,102.99481865311301,101.19921419537454
2025-01-06,105.05948091531427,98.64120085598269,114.61644346622629,90.8355177014306,113.29125371902975,88.29411586259573,94.43076772096316,97.51244817780231,104.00316208587164,101.43227425413835,99.98566682990153,101.65269325739918,94.10817957650902,93.76168486270183,102.89637738757071,101.38081366145745
2025-01-07,104.8449008100687,99.06183063244728,115.01176622981812,91.44025962811743,114.40570539478408,87.4624182764939,93.59929364407266,96.74539311862593,105.60453820506719,100.60612284036283,100.16378157273256,102.12931842068143,94.02876783429524,93.44256878101814,103.36002177435503,100.48368626047636
2025-01-08,105.46489648204114,98.36872100303056,113.85352352351686,90.76994958585246,113.83298897941422,87.55840755581706,94.11821428369414,97.10857457418633,104.8430775987995,100.85511168572734,100.56911199878007,102.73085406625711,93.55099320385895,93.17422314807567,103.33072452648773,101.34617194007714
2025-01-09,104.8662032943214,98.94911813444797,112.02268050176303,90.02015639975059,112.99607552767053,87.45478664788749,93.3818349784985,97.70850713026462,104.89290082677687,100.6437398131732,100.99837505823383,103.04518956645327,93.00065260268501,93.61462569222537,103.84305448130861,101.28887316398834
2025-01-10,105.63246497604264,98.3249416424799,112.59528695598087,89.47500312378959,113.3515627465929,87.21972195629883,93.51856179747718,96.92118624084507,105.05822138872067,100.47400247719898,101.08214946699682,103.77864276740134,92.9337395826036,94.39391650499631,103.83093286309048,101.68617326990311
2025-01-13,105.93540795508164,97.84079777880805,110.62466240009276,88.79178305112673,112.16501532737246,87.4284783251825,94.07265302758074,96.01624570002977,105.69476131663768,99.93468091497475,100.56076665454287,103.19057742799353,91.06720841945378,95.01024909655233,104.30510755613662,101.93093501146264
2025-01-14,106.24518162175536,98.57672299838417,110.15828485108865,89.0266772459318,112.34330759078995,88.28760900809816,94.51569932335333,95.96426824883218,105.84251301039018,100.77470633432797,100.19273445791406,102.90678035327228,90.65137877908292,95.3189760501998,104.67404144919729,101.71266992704201
2025-01-15,105.85708691503481,98.37430834917159,109.58609183056693,89.11401904858162,111.91528793484807,88.39237338221399,94.84342863990912,96.14095711411814,105.5004887147038,101.31819876780857,99.84342616266915,102.41309979768023,90.21724947079353,95.16662331129353,103.95858464130012,101.72644128596824
2025-01-16,106.35102263045317,98.62243425573882,110.61504501316752,89.80622156628404,111.9253904557975,88.22402717680302,94.49761361173839,96.05603579492809,105.09512484328573,101.68686827311947,99.7765430782943,102.7019894650654,90.5319410428596,93.68817801568707,103.23515641175374,101.3801733162987
2025-01-17,106.74550722353986,98.9361203847379,111.26456078939589,90.41848669389181,112.60997512330148,87.46093358004939,93.76280313030237,95.4282586564137,105.06232782806903,101.3273178138976,100.05002982443649,102.64667572398443,90.20639337925196,93.8764328588385,103.2527213890454,101.07770709419196
2025-01-20,106.44283384435546,99.05582036478009,111.47559842636777,90.08500087742435,113.10599087088407,87.01869383683865,94.40106779234969,95.29870491454034,104.57010553086363,100.41592340266648,100.4424381080852,103.06627897759941,90.17359260644331,93.91137817366906,102.30309878196988,100.79198751600076
2025-01-21,106.44414814229499,99.54161195051424,111.53619919614843,89.77793993212939,113.43068669958691,86.80322179025639,94.09853758322811,95.48845070855329,104.5707241798594,101.42709242706785,100.39335344351659,102.56898100868577,90.81167222599696,93.94509827739552,102.78241270238469,101.08039181143123
2025-01-22,106.13903327254684,98.8047613604537,112.35913329718616,89.7254891343419,114.46596523263399,86.61086337071637,93.63794000364054,96.02923689810261,104.30213001044255,101.37730211499579,100.42646458456808,102.59745208067064,91.39216679197433,94.0332392862156,103.1340652666086,100.7743378197745
2025-01-23,106.6512532930217,99.43425953197662,112.28610374882906,90.21364800008772,113.72582157329192,86.6886412024072,93.87338438613645,95.01398975899609,103.5292611439597,100.98284250480467,100.5017348814184,102.95465766785597,91.73656738343698,93.38240464161683,103.36747255715939,100.87736939081984
2025-01-24,106.53540526708414,98.8880212650544,112.86269807608026,89.79521219166986,115.45336069064919,87.59923629505252,93.41038210132943,94.76903504360675,104.22078348372325,101.1442624662894,100.28107691132715,101.95129814744826,91.54730223101413,93.66828451537958,102.72134903731813,99.87620690238717
2025-01-27,107.15655340215406,99.30550150397667,112.87830481687517,90.6790822865562,116.68834379025526,87.44535079977047,93.1132513891958,95.01513869070028,103.96195203595096,101.75820319291236,99.81832991672746,102.94609744568572,91.99195564453747,94.05473772462288,103.39000333891389,99.93763569644558
2025-01-28,107.53251982249583,99.31869650172608,113.5032558275933,91.30246347597405,117.87775072542213,87.23708086303853,92.40136178745088,94.51251136358445,103.30431144749821,101.73662443288242,98.94552572575668,102.67485310690799,91.89179820160862,94.3847674852916,104.641409850095,100.23225952337171
2025-01-29,107.15437078803973,99.37733848179873,113.46849743302401,91.91328464368546,117.3091520253411,86.83976711479,91.85391849256096,95.02254539719543,103.27892240323631,102.28029578409328,98.66094782284269,101.75637627373601,91.6502563469194,94.77642171486525,104.7682200523193,101.16421106540636
2025-01-30,107.44664316567952,98.53341358249318,112.78711764173907,91.70639785862897,117.53345240101656,87.3625483702109,92.11656058259955,94.99943073414482,103.23658420671804,102.9561360120189,98.82029985511909,101.73382315375864,91.89339814605161,95.07174922088542,105.03613144201663,100.6898600602501
2025-01-31,106.99254862830081,98.49208822014745,111.94907677973352,91.85748607197787,117.50006196034278,87.76109501538369,92.43532207856317,95.11777833283062,102.23444875874952,102.52951832433466,98.37298550640602,101.51906741570653,91.51719743084466,94.81421832503791,105.46655769663798,100.4058065953546
2025-02-03,107.42282755000232,99.41571918197977,111.62887886673265,92.88503088668098,118.07045535363041,88.55699222690745,93.05099121481459,95.51134346928137,102.33285204797595,102.27555415248301,98.18770640089949,101.3064495122666,92.17426387685776,94.75677608594769,105.95017132811861,101.09875007378368
2025-02-04,106.97657926811699,99.03218712721808,111.99846039373757,92.86319127722167,119.28482910576123,87.55632589928389,93.35598399183762,95.2858160628004,101.79976913440348,102.77376576866035,98.4182291892752,101.75222526373395,92.19455214302724,94.8443414009884,105.89022718998386,101.25156606845754
2025-02-05,107.16257111622134,99.21536084089084,112.29114222129633,92.26967666447278,120.00859468641896,86.98844250192805,93.67978563379373,94.78600883564808,102.57880125354785,101.54138185961341,98.58289875747862,101.97332902063208,92.59954541088572,94.92977340733874,105.87446430132186,100.73121295879899
2025-02-06,108.2401264539488,98.92083636016757,113.08372587566717,91.44045833027441,119.88239818071034,86.70489480116908,93.5180218091659,94.50707108894976,102.85604332384833,101.44583647369569,98.05998823207204,102.0954150047836,93.24875367726548,95.39633193790034,106.44261739906536,100.122218179989
2025-02-07,107.9508616784947,99.42683604970351,114.2367492132506,91.99965431071152,120.1253422775639,86.97435136165157,93.58509230003166,94.85256266741982,102.71769401579346,100.63532416349526,98.61449219015492,102.39668437924318,93.79214025351243,95.74529913497672,107.62096925858901,100.72899854267791
2025-02-10,107.46232883978854,99.29503609378298,113.26733627371696,91.02212388896625,120.04519654075645,86.39545376537899,94.27048994249355,94.77232660379445,102.30750806320134,100.43550654210947,99.14461007062873,102.33211491035172,93.11593995972639,96.72992682047591,106.86396283474369,101.44397608270559
2025-02-11,108.01783069197828,99.29084466924036,114.14851669664219,91.11175252821401,121.23936545997654,84.98692369345122,94.22801316654301,94.2878892006349,102.29953717773053,100.22796750880198,98.63016691391219,103.26320455107721,93.39566779386394,97.84714164323559,106.77551686166169,100.10224931365741
2025-02-12,107.88297077636348,99.29165809065847,114.54176343858005,91.09304822871258,120.61024632300645,85.14014047418956,93.92638119146392,94.65167751249149,102.62082484224229,100.03030504527248,98.23177759380599,102.56547016596357,93.70929378985772,97.8474538914226,106.13724681487,99.87896454529668
2025-02-13,108.34905454475245,100.53114237538776,115.4619884217875,91.42824278843646,121.93080067254837,84.99457517750376,93.25993653845474,94.34289243019319,102.69681912540591,99.64497427735452,98.90432299843734,102.77513175989318,94.21863034025067,96.0455243479307,106.80418587363228,100.35347720468455
2025-02-14,109.07416584951923,100.9656972439548,117.19471712881054,92.04197292030413,123.90694840557094,84.51192687609712,92.60589501537788,94.17065773397529,102.64708451776907,99.05050396860247,98.89118179740977,102.92144822121372,93.92051661596268,96.75223875567059,106.18023437773958,99.49810444897392
2025-02-17,109.14628092841924,101.02283063460753,117.6957983269486,91.89531354801937,122.70589664066893,83.92605751720741,92.73409862236065,94.0360085645796,102.67542430508587,100.16251870217094,97.79812275172705,103.29943550726736,93.4278394255103,96.41097222288117,105.6594410648589,99.73106785517497
2025-02-18,110.14373951328102,100.78599767136649,119.0077393565413,92.84831128846338,123.04200127953652,83.62789363226373,93.10815346302648,94.50726120539763,102.36925565349406,101.11535796814668,97.11927930779106,102.8097486121527,94.04693837414517,96.09590673473537,105.94256279971592,99.45045040970324
2025-02-19,110.61320749416535,100.63038164560196,120.02642446425344,92.61764554873858,123.60920860164795,83.33121477333269,93.1071670299855,95.45124862343354,102.3209636068733,100.37630236104793,97.11901966453007,102.19065621687868,93.80392247286179,95.97674448663761,106.49947929586774,98.20213575650858
2025-02-20,110.55264115008308,100.95688444407533,120.88757706688591,92.36846175185435,123.98174994776139,83.06055566881604,93.04926289316984,95.86522060330924,101.27551377727625,101.16016268932411,96.57124919128684,102.31810544225799,93.71213083212594,95.78621242419956,106.75255807649162,97.18174059034361
2025-02-21,111.00841190511666,101.78394179490138,121.01870813424533,92.09253320471974,123.81154138248857,83.33552615637927,93.76100041001688,96.46056286392432,101.75052510056844,100.98308038928793,96.3535888603434,102.3841611829796,94.4668299925084,96.08401733142802,106.94783197274475,97.83989742426972
2025-02-24,112.22280952048034,102.11635246327555,121.38837117985494,92.61430100432054,124.9794337543257,82.47673829639967,93.84994374681149,96.53425907890106,101.85305973039603,101.14510971137996,96.32229742203434,103.10806040304435,94.59687633187242,95.39230354309004,107.01188097155709,96.65093552592329
2025-02-25,112.55467067735425,102.39527280673393,121.86810573889765,93.40639631253522,126.13867121514626,82.02716728730682,94.20745620296316,95.95448780983169,101.50117835535046,101.05910447855963,97.06856743548038,102.4184596434591,94.34527257570096,94.9317761603737,107.80528438280743,96.79246625605178
2025-02-26,112.03206398319374,102.43745579705606,123.01705978577063,93.63490241164466,126.25152071215706,81.5359391507539,94.17542271527842,95.99375805410723,102.49134145770446,100.7061114815012,96.94846790957263,103.0917414104017,93.97307627681504,95.11483348237059,107.19662516400483,96.97485112101825
2025-02-27,112.12653004032225,101.19402477146105,121.36095970408516,93.71000889578399,124.12505555608617,81.78453660958954,94.20070343822327,96.3026398999447,102.41016861306382,101.36577712156401,97.35021052536092,104.18734660987852,93.99887689799277,95.32707956040005,107.28959359278838,96.58958525327509
2025-02-28,111.87525494088959,101.29596258671849,121.77955788822914,92.99692913396956,122.88716700773084,81.43472960231483,94.33319722591621,95.61521741356384,101.8795171223626,101.40539747375583,98.04674090132262,103.94062260442402,93.23374796368411,95.57339386821491,107.26444083754781,96.54548757424972
2025-03-03,110.82093762346521,101.89303655824233,122.21268617967705,93.92560213680746,123.3616212957135,81.81114957802562,94.561231454504,95.54370809279003,102.30118341495218,101.18143062844528,98.73727203842134,103.16633920534788,93.13682034921496,95.20651631838743,106.77000809806327,97.35000323556004
2025-03-04,111.0336815392286,101.41262318105066,121.09947298394994,94.3938748221827,121.54928227437698,80.94473602749595,94.6423926015421,95.67842069327493,102.53178623301041,100.48887016816528,98.90379952418812,103.11154487345999,93.24134480018628,94.72015200589078,106.43266205945498,97.34444090323075
2025-03-05,110.69303140619758,101.15316484546082,121.30330242537386,94.69804290004612,122.10791520923246,80.67461937501477,94.40551483628113,95.59918077687297,102.79852430362071,99.94079674239474,97.99891898675376,103.21605750699581,93.77785470196504,94.4624470980721,107.03033492893866,97.06263315891971
2025-03-06,110.63909264597012,101.33732408396324,120.19975083252076,95.53564392023904,122.08354604044564,80.36420083320014,93.88436982201168,95.389273820226,102.70994098349999,98.93174492346375,98.34948032653074,103.71277713662226,93.99977468312763,94.56163069348946,107.2835487488001,97.562765160069
2025-03-07,110.84207917321879,101.15125855399984,120.81313217878646,94.75850979587214,124.15806188740515,81.18462016858403,95.10340917970476,95.64460810185565,102.94735997765751,98.94943224793464,98.87195830194476,103.4959942230441,93.7460616402725,95.29963276410597,107.41235298881018,97.76268652296686
2025-03-10,111.20655727065048,101.38960670417707,121.72891042167574,94.75754064568113,126.15942211188063,80.95685776155575,95.62976624305495,95.35757038689646,102.82705014216037,98.33882661624173,98.8456735815468,104.23840938665971,94.34778841224343,94.35605279143783,107.57198213441619,98.01415465049996
2025-03-11,112.32114866802448,103.25174310018616,122.77869486650094,95.07954030336607,127.67384339396177,81.04758303430609,95.95617271578331,95.1227206051098,103.1769393741917,98.14919500370016,99.7732302686312,103.65561862917461,94.45139704016313,94.37365357657572,107.71486067186306,97.26013456593128
2025-03-12,112.05644538616116,103.09545406528069,122.78144145701447,95.40520711404146,127.54861537384285,80.36594658134905,96.05162660617627,94.58697155191051,102.18444722309185,98.84272130898692,100.18895145061835,102.73174624551274,93.86523524180672,93.74238134336238,107.31051480365228,97.10686225075138
2025-03-13,112.19679561251887,102.75951734419948,123.72687763917017,94.76737673390991,127.8651750832824,79.31469339900683,96.4387207262087,95.34354360642308,101.97543436432663,99.4115069141064,100.48627089368378,103.34163216466384,93.71639298639325,92.9437213468281,107.16504767931785,97.29713169051372
2025-03-14,111.92506269976192,102.30512173378715,123.2269895188816,95.00691770926946,128.6946829774705,79.51516822485571,96.55505763731716,95.2310828361077,102.8827401390718,99.35319231743547,101.05856375479378,102.23577533416154,94.3296489055508,93.37128357293246,107.26373684146147,97.21094597974988
2025-03-17,112.07683809991622,102.32720200698424,121.60526056942203,95.43064155259734,126.91734680969218,79.92344259728306,96.92592388366566,95.37477317309055,102.33748968709723,99.49428032897278,101.0776015457559,101.81371273710675,94.29397417834244,93.55193469569157,107.82347621934791,98.42317026523837
2025-03-18,112.57752311307047,102.34667820223619,122.45057290184815,95.9214050821432,126.03194635487749,80.70825026259384,97.05746962430491,95.14012453962314,101.94040409997054,100.5524584422893,99.73892160748463,103.15612288999701,94.33442953362258,93.76496763000242,108.25113538711635,98.10805867260171
2025-03-19,111.88787687611776,101.821472991308,123.16620720441958,95.90850150957226,125.23988727011893,80.14476925051957,96.9844366640845,96.48418105475739,101.686721884082,100.83064382553408,99.46526262649769,103.06978941884779,95.00152878748996,94.14848977096793,108.37528362645197,97.74476196340115
2025-03-20,112.40814717376004,102.44884244029132,123.30588538873879,95.34196350043098,125.4966256253881,80.07598568628408,95.21489579318092,95.7814391252922,101.15172360940241,100.55720183002556,100.14240323588861,102.71412278443057,94.30713827745022,93.92755363269401,107.9462978688699,97.44618469373171
2025-03-21,112.37469117244625,103.45886587471699,124.47536169387709,95.18780665999064,126.39223583123498,81.03686918764113,95.52950327037617,95.78919599158804,100.01885915797976,99.89663247639422,99.7167641470186,102.64230968480102,93.85427298496538,93.78536765732147,109.54886193197713,96.97997860746075
2025-03-24,112.55390039311679,102.86465761771879,124.86556945975211,95.523364479031,126.48184261949392,81.10373621583278,95.19833969269803,95.90049808070346,99.91383540668991,100.07019315856192,99.61560081817234,102.69430267752821,93.00456379605583,94.77401985671618,110.02705514325876,96.66920824866857
2025-03-25,112.38325238779167,101.48168044965036,123.57299928169697,95.54605217977355,124.85517667272887,81.39551128431519,96.11685546176392,96.30882812009709,99.90955764779471,100.57652216248935,99.0250147993742,102.70336655116326,93.0696153294025,94.59374175239071,110.3747891964643,96.05679345865839
2025-03-26,113.31971775602187,101.87729689721078,123.08761422721834,95.43323469758933,123.18924679899823,81.53332899955086,96.25675212769723,96.89169690095231,99.8495655202136,100.31110975116351,99.87845398594305,103.0234043642869,93.14945828637863,94.93482798991532,110.22519802588562,96.03864782930842
2025-03-27,112.99720397669046,101.27834399617409,123.23646395282375,95.06057510462225,123.22182402232681,81.18143368788843,95.938595038179,97.96994006852296,99.68349767343304,100.58090942912112,100.62706694426704,102.31746058157776,93.8133620091989,94.89507369763865,110.1773211509613,96.37245722864688
2025-03-28,112.93961341777458,101.81371620944275,124.47309254861933,94.23352934522066,122.98877808477174,81.85488455953124,96.02855049085734,98.3201915122463,99.68302427933875,100.43520917035839,100.16130924240801,103.11461051603774,93.98489812119855,94.04384242904278,110.13031164368662,96.71691789401964
2025-03-31,113.10836118667899,101.04755917206731,125.39524877881891,93.88714273133984,122.20802442077168,81.30620696688985,95.26294804407054,97.58851480766141,100.28816566414483,100.21739712078295,100.3291785654336,103.40962263072217,93.83976437491461,93.12400672492244,110.11195065624995,96.42732150634762
2025-04-01,112.95882128407362,101.54963437880618,125.06834514533469,94.80263949510991,122.39197726603595,81.36617855085929,95.36612139489627,97.3741056382216,100.24055587056905,98.91833574049565,100.03613629080688,103.90850884912251,93.86021392011531,92.8705781131251,108.93440505027652,96.10811947690419
2025-04-02,113.16376189355724,100.67681709209883,125.7029156892755,93.97528567803232,122.33749063625498,80.5258109122456,95.28176109304168,97.28401344781152,99.96712985619716,98.7601919859146,100.35814062235542,103.571160388864,93.74331475191238,93.29309232434827,108.29346467735637,97.06943793137577
2025-04-03,112.55781110773316,101.42744511580959,126.31559769927702,94.33414944362379,123.02125201405501,79.71441970411395,95.44520353942504,98.07525114794872,99.94961597830854,99.08627466583366,100.7380945235322,104.4770306427402,93.07120509071784,93.73102362210224,107.64553980487293,95.87828555726726
2025-04-04,111.34963605212316,100.73359194510616,124.76908716808208,94.23923185440674,121.34644807249903,80.66316647454738,95.41142101899217,97.68175770066645,100.10773904109396,98.94597453254913,101.01475517697575,104.22665508490078,94.19472649152385,94.06738669309927,107.8866128638895,96.4171963081069
2025-04-07,110.76713620128066,100.2825100763804,125.09636968706057,93.65630880056389,121.30122251911996,80.39949111864091,95.31534312707831,98.17720874432419,100.85211098575601,98.92404427942316,101.21776192693423,104.4453227845111,94.43673866712862,93.60910006985858,107.69440528826284,95.50507871966053
2025-04-08,111.25989547642132,100.02070732269262,125.94067932988531,93.7126455185203,120.97103239002598,81.20564575323095,94.8738807077451,98.45547823524345,100.48233839747516,98.63053515187586,102.65961253726053,103.88207602887746,94.5638742697824,94.36938449299012,108.50975752253606,95.13536214997687
2025-04-09,112.26477195824094,100.42375995879753,126.59676492844628,94.1979553016463,120.27297073633854,81.09939387348275,95.1375877812057,98.80589605955312,100.55268196308145,98.77920046601433,102.15428915853464,103.38932462576633,94.85811702275343,93.92092001025611,107.69824019840061,94.5387815672355
2025-04-10,112.26485140991782,100.55407625083215,126.9102557345668,94.26037277876506,119.980222362594,80.0609099779332,95.08742451940175,98.46040733862348,100.78288648463128,98.57147451431379,101.34456857815535,103.77387229367203,95.11964231776442,94.00369859337539,107.41290204453587,95.11155606936292
2025-04-11,112.36361420439565,101.05087388936005,127.56199578455715,95.80473980432458,120.6979938856765,80.44561748491635,95.35154833246662,98.0758699967324,100.28940554501646,98.10850262065867,101.15107761451311,103.51640021209634,95.11880730012979,94.02944735989264,108.2216920980184,95.04398047773913
2025-04-14,112.36806056347423,102.00103762327817,127.41836854471988,94.97969021599536,120.79038449638,80.29972216382936,95.43128546432239,98.50467358998635,100.269145475909,98.80298440866527,100.33064217732277,103.0068442273586,94.80346481220975,93.93592594280442,108.37417282001395,95.18024105218237
2025-04-15,112.74236054489218,100.88640304747484,127.05393080698062,95.22840208169708,120.2575399470051,80.67534228917874,95.69957914693197,98.86140096681534,99.4835758771861,99.32114850416946,99.53125846097736,102.58573157506987,94.97224403668638,94.50683180095683,109.03567203464979,94.98846268669556
2025-04-16,112.44107541363906,101.99554554837955,126.16137989254545,95.3426408431222,120.21292108862023,80.29328030435313,96.11276222327415,99.04751084288944,98.72694975779763,98.85930726548419,99.15416100414961,103.15600194386201,95.2029015455248,94.21769309781148,109.94883409111755,94.4737931148042
2025-04-17,112.75642790526507,102.2558204216548,126.4585876030404,95.87677090713143,120.51284273097389,79.67859048296143,95.99575285562445,99.08530753641071,98.93148062853008,99.08864389199206,98.72129555147394,102.88812480875798,94.9156801084897,93.62916566873596,109.4147203049266,93.83948239828787
2025-04-18,113.64682708785728,102.11425966471062,126.9660858175447,96.41639804635781,119.83748132703514,79.9868615764277,96.28166920040978,98.96410502420206,98.68738107644852,99.43523521437359,98.19708769800002,102.60765326053524,95.68702674502812,93.67341553705461,109.54887669962203,94.30464924891918
2025-04-21,113.58726660213176,101.0822010566694,125.59768770841958,95.74236862989555,119.23927979328693,80.76860264431001,95.65530006776007,98.08847145707487,98.78714913508793,99.73960038954486,98.45176084856564,102.66547058686942,95.69123937256535,93.42715396653571,109.44910511558099,93.95320787676998
2025-04-22,113.87351162067438,101.19449718805218,126.27274412598612,96.01498638826568,120.49913551706273,80.80316079382521,95.09219682835544,98.36614166312307,98.83156428282902,98.82702500623037,98.25584338986255,101.7555616330184,96.08233257700472,95.04728137478324,108.31167588843942,94.44040295768887
2025-04-23,114.16612302962497,101.35581478922786,125.43915492984546,94.87754176953628,119.00854716306164,80.7285164464521,95.06482553169018,98.46941056565669,98.32715920254883,99.3338108621267,98.14464881002583,100.94961117736486,96.59755848627238,95.29979381421434,108.35838500926978,94.0424427777051
2025-04-24,112.35689272122518,101.00537534140612,125.94478375236426,94.90860317569904,118.08957335454096,80.94809339225021,95.36720000723035,97.76352828719916,98.32468081594905,98.9978886875224,98.60427604426864,101.14799497021245,96.43930237472468,95.03786197442746,108.98311490952084,93.93767049573721
2025-04-25,113.21145678851512,102.34397284266221,128.337592893263,95.47421439591317,119.38573271826746,80.71370364300428,94.98934251536195,97.33876040852189,97.85685728847623,98.65962833996892,98.36442666305275,101.0470176680726,96.79845783058447,94.6494169780719,108.83590189578965,93.9389194708967
2025-04-28,112.9273732456545,101.67966289428725,128.07981028558345,95.86402123122343,120.28680474303255,80.860381435739,94.9269563721077,97.1432738583826,98.5217124391491,99.99249413721707,98.21636130190299,101.50287864501624,97.20202522404345,93.76675279086494,109.2686112111678,93.88688903702274
2025-04-29,112.11749927246954,101.92600641082765,128.49248894336313,96.57810894008404,120.50889861832546,80.2856322173781,94.61385957890572,96.32854096786669,97.90430302638835,100.07973148521778,98.44470424125953,102.0481162876999,96.91018742919496,93.32284258295596,108.9931517457688,93.13482043502971
2025-04-30,113.19390233300304,102.16359428727533,130.24479262277694,97.49772879571653,121.82327211433446,80.26270852996225,94.285813708696,95.91938831451364,97.90395478738945,99.78682757557024,97.58878145441305,102.51142682839442,97.23839184763726,93.52296085102235,108.33886101924742,92.66790278592096
2025-05-01,113.87561965538318,102.27135447988822,130.00458231855663,97.46856762559673,120.47601043831226,80.615041471987,94.38487309207726,95.37130547428356,97.42277250488223,98.66364765545232,96.45942131988217,103.5886196029043,97.31633238268174,94.20137065466457,108.82483114394037,92.11885798470544
2025-05-02,113.60788348066886,102.49435709552944,129.7132865764243,96.86334835898997,120.10403895692721,80.6274310558315,94.01185200025252,95.47716814958788,97.61450167129155,99.48476610495038,96.54092136314102,103.45983867677795,96.86967896323644,94.71824400047535,108.541746117634,91.72737658693337
2025-05-05,114.02745831480865,102.14871554786976,129.0650727679125,96.40147412705518,121.08560708979674,81.30412597083965,94.71927742094417,95.2305094610368,97.43205139413462,98.8546177754073,96.75803363861466,103.82253267373946,98.00677957954707,94.82319112846449,108.61710593176512,91.09741486609768
2025-05-06,115.1325629264474,101.0397361896962,128.71204960699018,97.14397256765926,121.66390685091042,80.9653098428252,94.11844475384001,94.19974269689516,97.25347098560525,98.24670686241174,97.83606234592737,103.5850832857631,97.30650807422158,94.68232056073037,108.72818389604255,92.39074055077484
2025-05-07,115.85841736396996,101.11604045152221,129.13950261112228,97.80973153612341,121.60098360545746,80.57169441154996,94.43298807162493,95.14481913153197,97.68198841709567,98.06944570117956,97.92620885490464,104.91772949714185,96.68125755781215,94.8126429051835,109.45231094544039,92.15661852955563
2025-05-08,116.92549251573341,101.48777917678757,129.92226085058886,97.79232887818394,122.08539153383968,80.68580627230631,93.57399542504588,95.51907767843991,97.77525081713036,98.65381791005655,98.40780004394985,106.09992506578068,97.32196023677375,94.58448670805284,109.88650559063112,91.10579148817727
2025-05-09,117.58652674530798,101.93367027837526,129.9648599953556,98.01844785983023,122.56595978259818,80.62712612618402,93.96005840418334,95.24100082147106,98.04216630105458,99.03567457264997,98.32572116872156,106.14769615505199,97.79582772817096,95.45555842383983,109.01172568392438,91.49685820509968
2025-05-12,117.85871258740646,102.79336143591313,130.9602735065902,97.78547421464508,122.52581947396415,81.01280853866402,94.35470760856877,95.44748510974375,97.55851715298932,98.97273348363959,98.46814924923571,106.3108559845822,97.38436996140233,95.40340323102984,108.34311986243914,91.71836128060335
2025-05-13,116.43355465758793,101.7301357196648,129.57340646635402,97.91195157910913,122.00606661471878,81.00686636796068,94.63213489630459,95.71886059352529,96.81966860952633,99.19339060809908,99.23505161751586,107.01804297112676,97.53901556830442,95.28801130919969,108.73090314410636,91.52956640447664
2025-05-14,116.3436204469718,102.14230395947273,129.7812229360774,98.28989323363444,122.26168570858798,80.76272642395546,93.94483870594154,96.07570540911499,96.91382740843824,98.82140831842648,98.22957445708128,106.95503555112684,98.19974054845902,94.2254595617161,108.7934039530162,91.26079147984615
2025-05-15,116.20029066441742,103.13304740627132,131.1174644668879,99.57131319813502,123.02641460080872,80.90538835961107,94.0262876575045,95.67664569448418,96.80333204252314,98.84462801860717,98.47757505303494,106.66213151569734,98.32086592299797,94.19905915464213,108.39549262009459,91.29067456983778
2025-05-16,117.53105049733124,102.29908504317295,131.35450038524252,99.18849859856135,122.58619124409245,80.99059859217303,93.45504511009828,96.20552988300591,97.12903589636885,98.85919387563257,99.55732052293389,107.20228178160558,99.65709927555805,94.61739556510236,108.81890425309608,90.96254431063713
2025-05-19,117.24641715009898,102.26383456585148,131.2141353977505,98.83558734377105,122.98984191321006,80.2346826221031,93.3717670352918,95.95847291219717,97.06182812503624,99.3706773545416,99.66864107584352,107.19943015105926,98.73029356107027,94.07846240643012,109.01464873184035,90.25750360839928
2025-05-20,117.21337512826646,101.90621053289482,130.71856696773824,98.85048545090235,123.19424591670976,79.72428792380826,93.79546612093286,95.26811320528039,97.17126604508304,99.83453602830052,100.50479671984472,107.34032392989552,99.03370234091913,93.71083562223251,109.02823005613125,91.05248840091791
2025-05-21,117.30710271483082,101.58645333433202,129.9130000449995,98.96468871734179,122.30817952347535,80.39304859981263,94.43342005789138,95.82402312298689,96.29216173450908,100.21012373525804,100.09184126191577,106.72124575875095,99.5520624801274,94.03944793837427,109.63729020156505,91.17028445414442
2025-05-22,117.37565998148145,101.83899230935319,130.10326265660862,98.88962145990487,123.0704810548125,80.19738678587646,94.32564497450385,96.37026306485897,97.25768456468906,99.96425341056477,100.12934815813259,105.95843835312677,100.03940439963385,93.37273402495131,109.23229828706017,91.52417578670091
2025-05-23,118.31439682611543,101.48555654614644,129.21492493476956,98.41362621303479,122.56252326604111,80.2499008866115,94.09355756719673,97.80179712755111,97.09643058663409,100.44576222466661,100.06222891393739,105.88351603906165,99.90843429430267,93.84225816248868,110.31457096576523,92.47880269028126
2025-05-26,118.00400615221022,101.1855536646453,129.16231836808245,98.90298621077615,122.17838629651074,79.87547259026472,94.56078246604555,97.3683471568668,97.4008626573034,100.45782118117354,98.92350199833324,106.29931961158098,99.81640035297215,93.60732553652912,109.87922521850902,92.00838397150487
2025-05-27,118.5327517398949,101.66050243680951,129.21238538092413,99.63456834320836,122.62865165316393,79.26573030847317,94.4262999783682,97.62079396180934,97.07966793161255,99.81532259317927,98.4337080021121,106.33290946179856,100.20259232755042,93.50836342081492,109.97386083410493,92.0131764475293
2025-05-28,118.75851660692705,101.79353664642908,130.1670408393666,99.79496526622043,122.91770852556607,78.36973501751655,93.25301533822714,97.3591336200833,97.29200117788294,99.54101673854323,97.95847840839926,107.0927174507669,100.8120880425756,93.08095161914214,110.68945662622214,91.5360872469147
2025-05-29,118.3290360082845,101.564666916679,130.49163376847457,100.80978578022169,123.87852833040071,78.6319755680517,93.91008006972625,98.01177208001467,96.60643937583009,99.67794817075432,98.30716116567754,106.54831792780006,101.27681234218915,93.31265819147818,109.96519325907019,90.71112378161881
2025-05-30,117.7728881410285,101.69362009349716,129.76566666950077,101.22331672885723,122.31205318334908,78.40275390560714,93.8822776548247,97.24582236603774,96.79598066510398,100.15563943976392,98.7071487711756,105.90347330348374,101.68653706825768,94.415846494731,109.97657904151666,90.85841992312125
2025-06-02,117.4653522558672,100.82545612435474,129.00580256179447,101.02231760484644,120.98099556381827,77.8768959971288,94.28785475193364,96.46410099137705,96.63162406807528,100.03060972513845,98.87515693851063,105.88664719954673,101.0127735573229,94.7237854819193,110.73572425891784,91.27312599501319
2025-06-03,117.28734791200213,101.2572330044495,129.31603185761398,101.12534239694486,119.92236461728896,77.83628138300953,93.78089666478806,96.12999887222368,96.67103838904598,99.40743900961117,99.30941441358145,105.94747022172604,100.97846172529745,94.35025661932424,111.17110414860375,90.72445309496105
2025-06-04,116.54947067767047,101.1221692118113,128.86322647823917,101.09215246223917,119.15399419215656,78.19806525398258,92.50147517024263,96.33375867746828,96.93188169415677,99.53924474304478,99.14906059762288,106.26059468953099,100.41864491406783,94.83508354362684,111.18836654503825,90.7915989795009
2025-06-05,115.63405559265361,100.12030430789687,129.02179159290705,100.57039147753453,118.8079456623906,79.1996335231878,92.78235799647561,96.13893093725827,96.27563963380445,99.67535224354945,99.68384049449193,105.70704560769235,100.18066566569985,94.65612714148705,110.95772165095575,91.60543772574547
2025-06-06,115.72024768496279,99.92481211259724,128.93027897807437,100.71193286039055,118.89937889943039,78.60902831767659,92.93276945926343,96.48435835621997,95.95970406203674,99.75864704991407,99.70172850650874,106.458636259758,100.7579963074538,95.33884668874026,111.40405931693319,91.50532702132408
2025-06-09,114.82879100856907,100.43895421520625,127.84598020225792,99.62019377998101,118.14017989696448,79.57247887799595,92.61553144223345,97.3986308891659,96.05300576661803,100.41199926920382,99.59953951394671,107.26166564738966,100.87131633353201,95.72273965811789,112.20728583781599,91.34478901885677
2025-06-10,115.09905197986777,99.77785511929032,126.81619284275385,99.89952950742871,117.11176556618213,79.86889154681954,92.06762108583291,97.58458552538782,97.06989068839842,100.9051124009998,99.4713367504982,107.2461167741581,102.09618753288288,94.28629156739915,111.64549968713364,91.82570390646654
2025-06-11,115.01065866828422,99.40306551024646,126.35387131069203,98.98988698865259,117.11396513233736,79.75126526291879,93.54120065671478,98.58254947006469,96.96422547629966,100.6758070233705,99.7725457919006,107.93708572591486,102.23279686190116,93.81754101604903,110.84683896087601,91.71818018456024
2025-06-12,114.06334837759893,99.53912255267059,126.03172925291229,99.62459150669748,116.60061713628238,79.65898822777937,93.23868523067823,98.64393728641186,97.2893109614097,100.30598573923832,99.60161748084629,107.47345220121683,102.20778682705438,94.2457987578353,110.91495289551672,90.48927261027593
2025-06-13,113.72356180682068,99.74797632938707,125.2074078330854,99.30372187903352,116.43744755698116,79.60569488627385,93.70032603453328,98.15422055882695,97.19803336404824,99.84174693950501,100.04867026106854,108.0179548491268,102.23215463870005,94.29603625591824,111.28463643987045,90.72858893595264
2025-06-16,112.92586340755706,99.22748049221353,123.80582900855674,98.83655071192666,115.17278190383344,79.94699376912689,93.66118713887268,99.09360788362405,98.07750045876288,100.30053969106825,99.41393602388476,108.60529066542877,101.8831206705809,93.78561378025252,110.99617788112965,90.74109964682988
2025-06-17,112.96017085520829,98.79009333092344,123.30188800183343,98.38452274140307,114.99894222988691,80.47531591696603,92.61601670596059,98.72721852338103,97.23531794025605,101.00864739196196,98.88028183359263,109.13028949990735,101.79594965450572,93.46701538860884,111.35734709639648,90.73729561051684
2025-06-18,113.91062465757385,99.71248858346543,124.01589908024835,98.41601358255404,116.1788079250822,80.76439223297452,92.6087409920865,99.29202182303295,97.30632548318646,100.84033900766032,99.24622374514772,109.23247559709112,102.52569512452492,92.64242535310608,110.68389462984425,90.67780893836292
2025-06-19,112.74242938210526,100.46598842413587,124.04300492233821,99.01976701528726,116.28581914536784,80.8679334967925,92.37218112858938,99.93668890605403,96.51962533589045,100.69756865640775,99.20329523869322,107.58394251737802,102.47482139665766,92.56138296293082,109.69655059911207,90.66950010885924
2025-06-20,112.70335579206268,100.87511116517207,123.73896943825203,97.68772943163985,115.88547766760358,80.62981247367912,92.14864179404132,100.15934245662667,95.34443549512532,101.40930128579609,99.00637531997745,107.38639857784065,102.08521360320123,93.5979654974319,109.258037758152,90.49677653638393
2025-06-23,112.46030852364672,100.74905027852574,123.1648113229948,98.16730276968147,115.71288698212912,80.08954039862942,92.14340595211732,99.45180721684352,95.46291804459663,101.69660849692426,99.42356235240459,107.03156523635893,101.56638185445155,93.95072124089205,109.3292362200178,89.86238100981787
2025-06-24,113.07268729809546,100.53390237575898,122.81129571565153,98.56677385341663,115.96539944187974,80.51057883082427,92.73124752586259,99.43500833277305,95.42458820541286,102.0952244794733,99.01325590607568,106.26533933297667,101.49568402584528,95.02917665557896,109.25512766826391,90.1450463029236
2025-06-25,113.06390076780428,99.96936664459655,122.5610097643016,97.84974271563493,115.6945251076419,81.19173424068956,92.84523267352475,100.27789201039133,95.24362961923715,101.56371913269126,98.86732160891744,106.30142392047945,101.54460289620333,95.4422837107521,108.58639759565729,90.97770241980712
2025-06-26,113.12398685085523,100.73114781406547,122.90042471275325,97.78872846719577,116.47442645126847,80.66908346220858,92.35508359965691,100.29556863930019,95.20067674120402,101.9157109983124,99.5693906912541,106.00395959925358,102.33780094023632,96.01386739773278,107.56976845439684,90.425108392575
2025-06-27,113.1256195351941,101.12729100378598,123.64694896690607,98.78528443233094,116.74562313447383,80.4224852703887,92.75950081919301,100.53034395910505,96.6674734228479,101.49191809447157,100.31838107774591,105.54498097740878,101.7841855658145,97.01479323908674,107.18169169910593,89.88110969775174
2025-06-30,112.85512465881622,102.02863199176164,122.98416854627357,98.48793949208927,117.24383863915106,80.63077203857503,92.02321557301639,101.10104018584155,96.53174417202929,100.95652042468271,101.0986462050116,104.9957829489852,101.759705251534,97.25104731092767,107.50798659221607,89.29216287679827
2025-07-01,113.82869128093749,102.74010156758055,123.40779242052385,98.2703689812282,117.39031737328428,80.34395723495973,91.19093822136668,101.56888835480112,96.77628131219623,100.80004959115858,100.95405493245828,104.55682997089963,101.9820207511106,97.2231561483441,108.15075370688913,89.26220525149444
2025-07-02,113.80174523020979,101.89178278033404,123.32456564867769,98.80048240755676,116.65636377906765,80.29780843882722,91.76677882109097,101.92555165201362,96.38824963310203,100.61308524417527,101.49892590700058,104.98533393981484,101.05529829207339,97.71365614452468,108.93094271441504,89.00790491133203
2025-07-03,115.00759864246146,102.56485015732333,123.69868589727926,99.07942592062022,116.10142242642713,80.04063536144842,91.9224695076726,101.749201461301,96.55921906830022,100.46204194867931,101.04838646461616,104.67204707472311,100.66363319802389,98.44539703274161,108.45290010413105,89.13054108024846
2025-07-04,115.33794491780947,102.44024093678175,126.08655704389167,98.96075612331362,115.90486966313675,79.50669859302674,91.91546580543346,101.62423675014563,96.46700120329984,99.72208411721826,100.61492778922627,104.39156849754599,100.45748434647265,98.27336768287937,107.7590751795382,89.36397545675771
2025-07-07,114.55567793051664,101.83880039592933,125.60511705054469,98.71165928067953,114.4492206011027,79.26950669814761,91.41350094404184,102.19446269682754,96.21609787357028,100.27531197295494,99.38454664100124,104.14559224120848,99.97340435197229,97.86868772937665,108.03343463324777,89.6442100875291
2025-07-08,114.32977773728747,102.66283702884186,126.2928537512194,98.81108301554882,115.84459494534633,79.43593350582948,91.00485663350817,102.42253236200338,97.16792470662479,100.7589992439857,100.2944607454345,104.36350126139395,100.28935193699036,98.04801955787167,108.22190005309199,88.5529522839718
2025-07-09,113.32420813543555,103.6807516360199,126.15108894702809,99.38067475226963,115.3222479380944,79.22904132909093,91.17189661452717,102.57361892980641,97.66823561042429,99.89697200251543,99.78724432064612,104.47070481244339,100.26862438953769,98.46643379472451,108.48082055745493,89.05835047054633
2025-07-10,112.50200163327617,105.37644699586495,125.16338879601992,99.9803003642078,115.75442076579769,78.70527939604945,90.54993727704107,103.23987403079238,97.7167098958201,100.42098292097621,99.70543203041048,102.85985669526447,100.04306047758863,98.87855053082865,107.37015680784441,89.43098976508
2025-07-11,112.58166353281516,105.62991755911777,125.10597994385981,100.17251024466955,115.65466874414521,78.46244701311335,90.23180088192063,103.20833771568839,96.60314252388635,100.0137126883078,99.2585728407904,103.45484936750991,100.2712903263679,98.18139016306422,106.7914161941919,89.62094719201103
2025-07-14,112.5359684858269,105.14649170538155,123.82179653137804,100.03257546199127,113.82461304146352,78.82411825490384,90.57813607551569,102.7936959462608,96.38090316178165,100.49656697261851,99.55457382354916,104.13543398812995,101.00312493080605,99.05610733368474,106.92747038150078,90.06694440264708
2025-07-15,111.99518611817925,105.84276111750013,125.11125877467035,101.25980514315593,114.93337705824236,78.4457373816345,90.94849551179895,102.13174495629187,97.78232595278354,100.33152108098899,99.45929159870562,103.66500225265472,101.88885148692715,98.78427167888728,107.15830005758475,90.08881976672015
2025-07-16,112.55588506146199,106.34541678813572,124.76801576260617,101.32174527634584,115.47295564833229,78.56581012132236,91.03977721619826,101.91198615474488,97.60079506426285,100.4560249486612,98.74289479244004,103.0361215076902,100.98827153937846,98.67042359777123,107.60086434792231,90.59813608183521
2025-07-17,111.99477899709609,105.7837503758702,123.79125588964341,100.45105408457972,114.2135744938154,79.02182756230172,91.76882863431898,102.10886364185221,97.99930095225461,100.55514182950208,98.8186528193918,102.54805067793431,101.19818586277891,98.16329494239302,107.95428545452816,91.955597063025
2025-07-18,111.42237649831152,105.97254069598927,122.00721568039887,100.03400791148431,113.0940196924596,78.48412225972211,91.01121816444324,102.81982467075457,98.6200744037278,101.26816768907283,98.02499608687685,102.08899207550036,100.87184850631108,99.37485308091667,108.33180090727457,91.9058117995685
2025-07-21,112.03160353358277,105.75185278212128,122.48127264957304,100.79380178664137,112.0118124151006,78.8284653750071,91.44735472247787,102.53378246461358,98.67396362440853,100.71550994397201,97.56188975891334,102.16775526772537,100.87724866042976,99.45047501050554,108.41929052114637,92.49699081650401
2025-07-22,112.4615415898226,105.97320857996806,122.34425010913385,100.20400466795056,111.98031449564125,78.70410959211115,90.83416606678803,102.40076419355924,98.33000870185839,100.91733212449532,96.60879133471474,101.34170927728744,100.63147451357844,99.02189440377533,108.66888628620823,92.26167466561527
2025-07-23,112.60006273267678,106.68719090952206,124.30272657672245,100.29712258473702,111.90320811773408,78.43851125121796,90.90644811813118,102.04737547711997,97.20542212649995,101.40371699681248,95.98805451572741,100.92400302029077,100.84672052428911,99.52883078882422,108.5500824513399,91.69808836259523
2025-07-24,111.80390930380615,106.59564035685946,124.22780535929792,100.21440399945287,110.34342933942185,78.58212895094192,90.54508108738975,101.64292709201837,97.56995164476973,101.69598282129427,96.10474225284749,101.76731553528717,100.74185585836246,99.84160880872255,108.6964234206754,91.2062561163651
2025-07-25,110.57477977415273,106.99669662967275,124.4117221191908,100.15666320273367,110.05404038911402,78.19824377732095,91.19523213160264,100.92135948871048,97.1544925572768,102.9110997866525,95.14695645202107,101.2592900773664,100.44007032285394,99.73964902574988,108.59248642352497,91.14770183779154
2025-07-28,110.38907506074742,106.96230201722095,125.35671444836731,99.86577094151446,110.48243112741628,78.33135653726859,90.53372301433977,100.58958359367828,97.34466180536168,102.49696242767057,94.54648350257085,102.09697276651899,100.06704882291235,100.21353743165487,108.38774814608006,90.27131192773226
2025-07-29,110.23805686879871,106.6056901235096,125.50314899145741,100.39399613126005,110.17255234810371,78.59930620529315,91.01457167559846,100.68888842650232,96.69051291005894,103.06836601160072,94.49871660647685,102.21912958135981,99.87960459268534,99.80531411814374,108.63895098624965,90.04458746720877
2025-07-30,109.82954561339102,106.17166601397385,124.5956290960022,101.70130078674309,109.78717489173744,78.55244454987981,90.97571456178811,101.0619790673944,96.55669350233393,103.03443704268938,94.23667630282824,101.28931789943294,100.07899781018794,99.59352395569113,108.71413411688991,89.42575274763864
2025-07-31,109.90826607859859,106.55547738074827,124.66563726873055,101.95731147586085,109.83800774916428,78.7856644453638,91.13390468312826,101.41047648972281,96.52906582586036,103.75344427256776,95.13670609528427,101.52531010088065,100.48697382401713,98.6340513484336,108.89577386812017,89.16905217781105
2025-08-01,110.22738124098754,107.31971966824258,125.96719657333976,101.77109474089853,110.58291088794441,78.6551481975833,90.99299352823463,100.78881691403095,96.71507446117724,103.68674945290992,96.0689823496991,101.58208401580356,101.05869419922617,98.05331154467096,109.39090472292352,88.58584335853448
2025-08-04,109.86581524198952,107.24774288100447,125.31768845695717,100.7508791271399,110.03056985531343,79.50866639961596,90.94460757629896,101.65655694882709,96.07369570325729,103.64429468803267,95.54977151975855,101.21115945808576,100.78447162704349,98.9090997995023,109.62793210614564,88.79250057087344
2025-08-05,109.07767652803888,107.62433760783605,123.45755044208208,100.44734130432349,109.24242243616521,79.16237414728432,90.99325992619036,101.78632276120388,96.59317691624793,104.38846589101529,95.75960713746268,101.27371902333438,100.75222051756747,99.63591950485312,109.44760402151145,88.39218796645271
2025-08-06,109.39281414933295,107.89218409356383,123.86329610537481,101.23098074154942,109.32814366969927,78.7335909200362,90.84669480374727,101.77104329976,96.34625828393484,104.07099356267457,96.1598872700502,101.53006264755513,101.2842731806447,99.69947950424995,109.92938642880713,87.7326696291209
2025-08-07,108.9982897757144,107.47043245608869,123.32222540792863,100.83500654024078,108.64374323867378,79.18643114632773,90.95066024814693,101.68585103785452,95.46159407570407,103.41487320239928,95.79138004977244,101.73935683304587,101.54931745763956,100.37612431738181,109.60344092903662,88.61484445015057
2025-08-08,107.99913695602272,106.40096993059372,123.31212345406803,100.41590659189181,107.19886673294599,79.10146518683578,91.12772166426113,101.55800441096241,95.35427446317922,103.22740760836871,95.02264785369564,102.34244776565366,101.41788978025647,100.23610965891902,109.01238583995487,88.29714578630305
2025-08-11,108.90320172518014,106.37847687996795,123.6178339948478,100.25953413868598,107.76105898041925,79.26004172072471,91.31150779001065,101.49676344492752,95.42579802042826,103.46256862164142,95.07173329910755,102.62223752081867,101.32211533022588,100.13429639789983,109.1524915997377,88.69330438186095
2025-08-12,108.96195378124762,106.93026400572552,124.7237159757426,99.81642315693233,108.69609005551592,79.64542403664859,91.48748965063554,101.53237515884723,95.59361602533563,104.05570312881814,95.08028090892523,102.12247221695125,101.46549898698957,100.20006632189909,109.19779333960552,88.40933592151849
2025-08-13,109.21900768613253,107.682289486256,125.02220354758957,100.48293553023595,109.45861206253873,79.42319187861922,90.95735780127195,100.61049224971528,96.2792907148626,104.07275527171348,94.90527781611915,101.89984929132794,100.96822425890232,100.18211154062608,108.46288817379997,88.56502121468878
2025-08-14,109.70599176966127,107.68129860730791,124.27005926388937,101.04001972053989,109.59569867778028,79.29415212333885,90.98429783477418,99.9819539034441,96.26282110616772,104.60167943702375,95.21162747690181,103.5496927873606,100.82760415460719,100.07861835069886,108.22239569010257,89.13276897468492
2025-08-15,109.65893523967108,107.45390463115105,123.37213246864418,100.08525997269682,108.97805822431741,78.66536086003035,90.27924069074909,99.67970931650015,96.23028406889097,103.8407306072952,94.87957562992597,103.98165258458141,101.09515090091261,100.61101894795334,107.94262894601354,89.08873641008095
2025-08-18,110.6297521345839,107.1379060979179,125.12660784388379,101.33880977275741,110.40118045106968,79.07643042416136,90.65368528792256,99.91946054202185,95.69962642917686,103.6288718450989,94.33334005711936,105.12518585535011,101.58990854604528,100.76272652738074,107.67762742610421,88.78890855654784
2025-08-19,110.95987120984312,107.13002102576796,125.33406049041622,101.80170900291677,109.94443931857913,79.3846404617547,91.16228445778954,100.76387353703555,96.06180523079998,103.54935030834133,94.35409956702773,105.82354268618745,101.59330175240326,101.17466395898964,108.06874758655096,88.96941122163548
2025-08-20,110.69363609574468,107.71848346350899,125.47135138081846,102.5858177287585,109.59378353751464,79.41511653399402,90.16206708270974,100.26222967466703,96.1997025751294,103.42025684691116,94.58486783235612,106.05850711533795,101.72908030079755,101.71854566446532,108.33581218794923,89.00536240878783
2025-08-21,111.0134504175583,108.1594419524413,125.55251287018649,102.01959759169712,109.6049854644618,79.30355045889476,90.34684533181179,100.16970818426216,95.9796025046874,103.50661803794439,94.01213284325154,106.1977492462334,101.40524564972107,101.95240713043876,108.24241066512066,88.77701518847145
2025-08-22,110.75816441064683,108.90915591137207,127.75799289366117,101.69870638953795,111.09293048787679,78.47015095102432,89.99756431063868,99.81979369219452,95.15162537323141,103.76170216891857,94.53060590710693,106.32596178455086,101.92290801551631,101.54569313768853,107.69876507097256,88.9622413037876
2025-08-25,110.77737025803404,108.83154724362274,128.4709938547637,101.59046947287116,111.1450348197768,79.10039878802587,90.04296084929875,99.78227534766965,95.73014171339715,103.70519944315575,93.58880025404889,105.18777930002491,101.92114616415529,100.85370982348468,107.11160942320528,89.09154206242843
2025-08-26,111.19896639474925,109.33941432374819,130.72660289632302,102.29516022798755,111.46524664767092,78.31877801028926,90.68417281011412,99.64371532792364,95.1606951561382,103.76458144973952,93.33473522753786,105.13028251522958,101.9292976581072,100.99995586449555,107.87445125680024,89.06672584824224
2025-08-27,110.98143751028047,108.87298982958266,130.49098037640886,103.1109558939851,111.10907242175429,78.12488713079921,90.32625718314708,99.97242325664445,94.89356016758752,103.71779988336833,93.22794685337041,105.82768144633093,101.70931622805459,100.89979512698135,108.15444811786064,89.02134740773796
2025-08-28,111.06977490348982,109.45496701417585,131.06062225240575,103.63810695832308,111.10267199936463,78.37161365580234,89.85431575247176,99.34724397406669,95.10285945301476,103.18148248082939,92.97009546903313,105.5543444611446,101.71468294539585,100.96967085103282,107.73263282138146,88.52842812005184
2025-08-29,110.59681744028147,110.33358321405949,131.21826601303695,104.10179339818538,111.81736836947604,78.72701863479513,90.16545227822205,99.86142755793192,94.51486504885443,103.1900134063997,92.68748535568652,105.66960411692025,101.77093957230736,101.08079312960203,107.99294265425563,88.30588679774056
2025-09-01,110.33480760309722,110.66222888161963,132.35990719283194,103.60842177668017,112.46344549964584,79.49641608410917,90.48247836376194,99.03606178229579,93.82134981128662,103.10840644728006,93.56830450119081,106.1597838825115,102.1446639954942,102.41266417839083,107.87345959001972,88.78957911556333
2025-09-02,110.0194032887961,109.90993715354618,130.5822799744259,103.87476524621673,110.91485820544749,79.9406140419232,90.42115195260013,98.71401628388578,92.77976312491275,103.07277925951735,93.12038539589209,105.56623189389754,101.74729472215887,101.63934407288073,107.99188705432809,89.46212890533076
2025-09-03,110.17287150498152,108.78856678825579,130.74780812955441,103.44674481692324,111.91207335553509,79.82001758244981,91.07427297336159,98.66320609760525,93.08275555900072,103.14136454209715,94.23151148630015,105.23903065001092,102.59369574091846,100.6410059663148,108.28843185714005,89.56845984600145
2025-09-04,109.99352896829816,109.85140289481213,130.7338768690305,104.70030152839726,113.16121026738976,79.61361837960386,91.10822198482641,99.27971797210563,92.88882024650995,103.08275982202694,94.49817878377903,104.68603531630671,103.4034054501935,100.85083786748619,107.96724295349482,89.59280199461809
2025-09-05,110.81824142053571,109.74364374842429,130.7844095408637,104.67679984113647,114.05828559621132,79.73175825061125,90.2697269149764,99.3252392707613,94.25399313999972,102.89189891271937,94.53729224606236,104.30637948708036,103.08030751488972,100.71489138405825,107.57128365575291,89.38585803726382
2025-09-08,110.1809908681753,109.05893030884417,129.8192696464777,105.34909612929107,113.43651370504404,79.32773159780055,90.23155220360668,98.42365630392236,93.72432203459081,103.64544007758467,94.69980080562722,103.55020903496266,103.09474523816495,100.85006789031807,107.69555215414834,89.83013806740114
2025-09-09,110.68024288414185,109.38626197638952,129.37925292919616,105.66827842752744,113.27099668380751,79.1078351063405,90.12483597883248,97.59567170135128,93.26347646786365,103.097099976029,95.87446020123065,103.06716482818103,102.79837938083307,101.15268619008135,107.37236651021786,90.01654918659096
2025-09-10,110.51610438669609,108.68924690193072,128.28345407189136,105.17289269109422,111.64823138273393,79.15464904504215,90.59487891382388,97.86482978381986,92.9270017593378,102.84498887775555,95.32425773550565,103.79375478582655,102.57755420902367,101.75912185633567,107.67102320390944,89.80069735771033
2025-09-11,110.00372977922788,109.08075498890982,127.64821770169448,104.73531708827868,111.04357556935551,78.42331776823156,89.48042595047441,98.23364257668887,93.01856956820804,104.31888878991269,94.76986173722399,103.3273483485493,103.58076841397622,100.9760204224122,108.65959609266889,89.92369061348064
2025-09-12,111.03486774155469,109.47836671302736,128.22992494163864,104.61118280062924,111.41562073442427,78.35530310693586,90.54071660401742,98.32349328619668,92.8161397583996,103.74671520600873,94.42912269930926,103.38329535131989,103.39960151342129,100.69155252249725,108.31245470908128,90.23696827516828
2025-09-15,110.36475385063464,109.82514229167684,127.49792693517637,104.8258480993709,112.10321821301208,78.4667292011121,90.98253267699398,98.60807163690409,93.0582231428154,103.12416625422185,94.40116285840392,103.07503363863786,103.64189776776884,100.92007207389713,107.37431297790987,89.71720195192528
2025-09-16,110.59145915978557,108.68193702652214,126.6042733428324,104.5901920231312,110.81827860041412,78.08175394415841,91.26011023084803,99.31681493738121,92.49381450054041,103.64687685789444,93.47872752175708,103.40324593787801,103.75644858167156,101.218719303076,106.7245473352971,90.51124971703433
2025-09-17,111.49406905290591,109.78563050803814,128.1677992618823,104.6366149116184,111.34792549042845,77.89191917637525,91.47714950640746,98.74812697068745,91.9550850173936,102.4221236990468,93.58892291444019,104.19093399644498,103.29363753371148,102.38443851853536,106.58497884418038,89.4131638651261
2025-09-18,110.91045955640524,109.72693326703276,127.65766333357193,104.322845226734,110.91087623675797,77.895203489384,92.3021900065373,98.96648885459636,91.19196660863041,102.20136881144232,94.44686461708173,104.83493869802274,102.76423437698625,102.84712116294492,106.10316744219162,89.43666904430704
2025-09-19,111.5425566812783,109.34816029182622,126.87693246550337,104.21822232834023,109.847273835079,78.0622196092532,92.7757046390085,98.22174274965026,90.15649823663078,103.34394831043036,94.48985996118331,104.96455327133378,102.10510567041746,102.79267558864487,106.25377412402024,89.81101789829363
2025-09-22,111.46246085458162,109.47369944078287,126.66791701725053,103.18200654262814,110.25232196475679,77.9915233482175,93.25555513788694,97.79146496403331,89.90169410716246,102.57529905256587,94.32904991236019,104.7364868853255,101.63903122834968,102.32762697836242,106.47154241160315,90.38650566402889
2025-09-23,111.82857782379092,108.73039727875064,127.65499261934663,103.63449162532481,110.22872746122702,78.16736157832284,93.2490786785234,96.82817557609881,89.7760901892215,101.54043491312376,94.04799131904744,104.03122084174296,100.21040375817947,102.0504433422366,105.76142105609232,90.42483845221645
2025-09-24,111.86003316377784,108.8006821103358,127.55848411016993,103.01186783279775,109.8787216700482,78.70345918351876,93.44836409959815,96.94949037130314,89.4354061054259,100.88499753858235,94.41055734743398,104.99584682848806,100.52104522939096,101.74831025451776,104.75642189832084,90.48862886979758
2025-09-25,111.67933770742096,108.12178086027002,126.98334547353657,102.3138699380689,109.42442400387411,78.77525798920394,93.17277131901396,96.86784413893359,89.9937956980024,101.32960874212343,94.0221879460155,104.59995770301991,101.49822351005298,102.0562008898994,104.96286127897112,91.23232163034565
2025-09-26,112.73017788301306,108.07837392669964,128.5475451256633,102.0475740664895,110.15872354577436,78.4684420776733,92.82553214404562,96.9879275484887,90.58753420216617,101.86641458624312,94.93557519245444,104.95140763836908,101.816039671626,102.30458818996988,104.87857867750566,91.56032228456739
2025-09-29,113.44873840453383,107.55711692408383,128.3379190993583,101.40411940329625,110.6680925739093,78.61389454116382,92.54548151554715,97.05849231180417,90.4426558453476,101.60427708656556,95.86478606749175,105.46951069830357,101.19473883487105,101.67552910147646,104.64174415565954,91.4992977268953
2025-09-30,112.40594703166964,108.09433336556881,128.66178739031463,100.66476171904914,110.4411655698189,79.07640664918134,91.91259606375957,96.59729525825217,89.6330232241138,101.95243547628566,95.98576332452812,105.17980296115006,100.84654696593948,101.4432640987539,103.79145444298806,91.5907777991195
2025-10-01,113.38747712905584,108.04679083253583,129.5306926573188,100.5449624718856,110.73485386280429,78.80788456802088,91.86209669126333,96.51422844555067,89.40971845034231,102.63012999667495,96.01278894667297,105.78110143498361,100.72686798850398,101.94509462440817,103.90468288015265,91.85120943783646
2025-10-02,112.31168901243936,108.68490352302955,128.75875773441396,101.40582965625084,110.00612231048396,79.73579558281448,91.15233115519545,95.80748569929048,89.09215022699746,103.61136163374236,96.45491073861928,106.02080168825833,100.1094907310996,102.06938056533814,104.83537197558157,91.63393605896356
2025-10-03,113.19860890280805,108.75505389673239,128.96236734020366,101.436548680029,110.79735803943468,79.53749880488739,91.26940175340928,96.52126246083071,88.82702109181893,103.46119321324755,97.01396969798023,106.99303914257847,100.6921016677469,102.4324619007718,104.81135252460756,91.1693817894236
2025-10-06,112.94995851160792,106.77498817776838,126.42971334030536,100.66172384224781,109.91957598806066,80.03030888770203,91.67114088992594,96.72770304095357,88.35821281425251,102.51554865696274,96.44972405962562,106.56403499525689,100.85407862503477,102.4766795976229,104.5922472258582,92.24152858451512
2025-10-07,112.71098234728841,106.63855927975727,127.6909499711332,101.22865811400132,110.77877760226175,79.50817118388981,91.52121156748184,96.31610858655696,88.15371304288566,101.97216848387079,96.2875757955065,106.01242050354445,100.38893985573539,103.38653127520621,104.45038313772656,92.37434920514389
2025-10-08,112.30879902135,107.14803522304261,128.44094866155126,101.11447499057032,111.06427605222267,79.41784320878818,91.1371704499298,96.97844000595033,88.02988509478078,101.68531693805494,95.70347374848969,105.94627894811941,100.72812981696597,103.50363268607498,103.52983293450447,92.19588142742076
2025-10-09,111.67888530298411,107.06152629676654,128.11744064043125,101.06080571784008,110.29174538770437,78.74133020515832,92.57241703850497,96.41463068372967,87.75596037824708,101.5530630704855,95.90528124435467,106.10889807866913,101.53036095740589,103.31667356499577,103.9813681210694,91.33720411694607
2025-10-10,111.7134525129414,106.94854188331047,128.77276679485686,100.61022620624635,110.69068494577283,78.53211240067345,93.21787004102163,95.89877980522697,87.85971092729636,101.44733605197077,96.23894807569107,106.156866978889,102.57419953859672,102.87956973083816,103.95462590988396,91.18148408514199
2025-10-13,112.22664637918996,107.82804403334076,128.88098805564172,102.02653122110827,111.44871317768312,78.03844266013402,92.59644871856511,95.36497032670034,88.07803034292402,101.94566114230928,95.65657667706515,105.9688015970289,104.31363218595627,103.13709350006599,102.88853767234549,90.59204879993388
2025-10-14,112.99714209793758,108.47678207681398,129.27769901115067,103.28325950737674,111.28425729142339,78.24038040280807,92.86976107222178,95.51722876650571,87.67848662119992,102.62502412379406,95.43974585790784,104.96845403113464,104.04387060525988,101.96990011097876,102.55611768325863,90.40445176097712
2025-10-15,114.04731013662996,109.49029562030941,130.20259434698082,102.71118162430952,111.55119589481485,78.32949419417542,92.33136073142867,95.53231208482534,88.3380941872174,102.39093061265629,94.90708764629714,105.43499580756388,105.64700970018153,101.9501482097032,102.52223892327706,89.54965571080642
2025-10-16,114.46546047922166,109.82875238300184,128.71150401808225,101.81888502952434,111.4461583837367,78.6946015569116,91.9503344002041,95.93707675554087,87.85121524967764,103.02716555801392,94.42236062710947,106.3955389047599,105.30749386697332,101.76772491697012,102.51469748745008,89.40124479505867
2025-10-17,114.13482491625527,109.61867306090534,128.11346217288516,101.66658186732049,111.95825761342597,77.81961522025685,91.3897593681971,97.23471879210145,87.13473233063236,103.2303883709177,94.67338591645688,106.642204790474,105.01476790923905,101.08067149205486,102.34395650945565,88.43355160479008
2025-10-20,114.11565551087419,108.98132677571957,127.83871079532076,101.27702523580429,112.25884981660536,78.90983741599456,91.86828005337188,96.41913418902664,87.2494682668707,103.36611704427519,94.27136856079909,106.87446224363893,105.29737232173242,100.64524825915531,101.68123793273224,88.89946131376621
2025-10-21,113.13011167121255,108.72120106878317,128.06609656328237,101.50130918293851,111.35094166947621,79.17485996105736,91.70805697267204,96.87635743897563,86.87225540353816,103.88626323002268,94.10655253052242,107.1989184636214,105.05350148607747,101.07123016079412,101.85515637426894,88.52816886570804
2025-10-22,112.35252283579284,108.48724145062118,127.34380760035253,100.811824025958,110.60837660436276,78.98248695291548,92.26107461582941,96.70791953681494,86.97449019068625,103.98405779652413,93.30379762650472,107.42030485876819,105.18674640531269,101.14352678884168,101.51393812969505,88.6048680740587
2025-10-23,112.7646437994549,107.78308072041045,125.54754924701632,101.78305911003145,110.47587341556549,79.3287388006494,92.98306313920624,96.65720094767495,85.86675705962371,105.17970229684896,93.31641248732932,107.7984446771316,104.49176422909396,101.17616561032861,100.49361182843717,88.7311096490512
2025-10-24,113.72073626946779,107.3194489065242,124.3189435151469,102.43134942794651,110.65884478318546,79.36119770910777,93.5897806323161,96.3289572510767,86.47720582777471,104.4087191959524,93.30712406485883,108.02704225966212,104.37650394333298,101.33801700241104,100.29464911458625,88.23387264777581
2025-10-27,112.84222389631071,107.356589834349,123.90459641202179,102.34998764824957,109.37964629856573,78.77155861354412,92.89943544366508,95.6508932477896,86.84169927872027,104.01475239278962,93.04620969212827,108.10404231732262,104.98037920701107,101.36980429083768,100.6061195979147,87.38814774270092
2025-10-28,112.17745338893081,106.93834106836673,123.30655905854653,102.55252763706375,108.22260192614146,78.75576948070771,92.99593939867123,96.29272031410021,86.17069359000747,103.94965424488008,92.93467109623381,107.5808518721136,104.72277882916366,101.90364840463242,100.70000101505403,87.46857353752287
2025-10-29,112.11267244461787,106.95333016896423,121.83502466004524,103.05875571353617,108.17171017600214,78.20590726758584,93.01318783198901,96.47547216803063,85.61397772002695,104.04888854855905,93.10338735152324,107.68622083767315,104.78136166570926,101.97583895008644,101.36946626920921,86.80774505870487
2025-10-30,112.69983687168164,107.08928751939739,122.72013291591493,103.18822879248,109.3749700778539,77.80644957757251,92.60144627878807,96.3705366415131,86.43299840301795,104.57128556298643,92.83241378525906,108.09362209372718,105.23713157832437,101.34320888727201,101.23294760236377,86.33986630543554
2025-10-31,112.38897828565099,107.09797862774208,122.36631721599566,102.92546220144683,108.4001665916096,77.55482569335288,92.23119079224479,96.96859296834778,86.09623092923432,104.57272799611515,92.12971762924738,107.74705289555241,105.81797094769212,102.1589103191171,101.66369219634299,86.41590504862012
2025-11-03,113.22061155758512,107.28153022936206,124.25909375881523,103.56718778543761,109.4490506085924,76.75340809790849,92.72997809057773,96.00427729190376,85.81131574340698,103.70684050902805,93.0448469838761,107.89582745106152,105.0635168083377,102.42341700890525,101.65575183005589,87.22223009046596
2025-11-04,113.25112043093608,108.07155289080936,124.6330852266888,104.31581777830165,110.07784226293566,77.20610815005857,93.24541638090791,95.77567962822923,84.79210669662973,104.2726132099522,92.69338155519023,108.04743481784978,105.61626187580538,102.2096864830589,101.45537066969605,87.3633594894717
2025-11-05,113.43422895486435,108.85363623509309,125.32855329118064,104.57945091113167,110.9274164639061,77.50359117230546,93.62715024391916,94.83701324080704,84.64834184544652,104.67656667759042,92.65382415118964,108.51953849298792,105.59499393615353,101.62146198175073,101.20031306256769,87.49456844948715
2025-11-06,113.95843011660854,108.09252730292063,125.8369964550989,103.97296903505921,111.7265502571072,77.73921571694746,93.28426970686982,94.55245693991218,84.55837368195392,103.66464240767756,93.13030229811933,109.20332014959631,105.77619358336494,101.86412714863486,101.00308748909184,87.34884853335966
2025-11-07,113.94974477971142,107.58903495640155,124.49250377621934,103.54360750487363,112.04144986663644,77.92373075171369,92.58481431912055,94.50415813734054,84.88613238452862,103.61296011615646,94.81579920820428,109.28470739780161,106.2966541966419,101.79413740658877,101.29115278272269,88.0481835314182
2025-11-10,113.1680049232316,106.17248054927113,123.79034781910772,102.97617453902804,110.52507520606767,78.1026450840277,92.34577679966064,94.53650285638317,84.24204387753409,102.85377740588302,94.16912843724037,108.49997037503496,105.43040207177947,102.48635019466093,101.02596337060419,88.35233969919969
2025-11-11,112.86783010894099,105.57885491829435,123.63137208964376,102.69212920354708,109.04815188874173,77.89719373277823,92.3023502806933,94.6369089355948,83.6026194129607,102.51897512725738,94.37948187505391,108.41142287794926,104.85990302876948,102.28840162064824,100.36914537824444,88.16109813749992
2025-11-12,113.0657238802588,105.83051536886654,124.40835551492977,103.96157585200001,109.32845552887238,77.93905935387009,91.53671246147901,93.71365387100512,83.85566841926926,101.93892020843498,94.11838055150854,108.48256054352451,103.85325882690269,101.88259670947053,99.84551280957174,88.28379763188353
2025-11-13,113.13756356432516,105.39716720930099,127.48098606043754,103.5248679858641,110.44578795504253,77.21243726959187,91.34691252562784,93.92910714359932,84.33534187253463,102.25853219277165,93.92810828557144,107.55248646987616,103.62887093899012,102.3823511915253,100.82810903851647,88.49624209345154
2025-11-14,113.18010266248658,105.14494431120669,126.62133137061531,103.97466020601802,111.62000662191633,76.66506507843754,90.39510961155392,93.88248618398278,83.72966069348365,102.22724951116771,93.65114481438201,108.38910615355466,104.35815526662351,102.88811395178901,101.0302583133367,88.65118974857704
2025-11-17,113.74382649421715,104.25694500259317,127.111199476952,104.40049803599673,111.36729201216365,76.19496052745495,89.79003533128189,94.1281104229201,84.18762821867055,101.55218980974709,93.12991942091843,108.54125585064997,104.15720778262616,102.91447619060628,101.19602360714784,88.49103257014778
2025-11-18,113.5963026999313,103.84307515938266,125.96156617402659,105.1187879246697,110.68192065764622,76.72325526747699,90.18954789910818,93.31340288118497,84.15095683310815,102.07488345055657,93.05266742364245,108.71089496065419,103.30730114522268,103.18037745118987,100.75613105411159,88.45525451233452
2025-11-19,113.65651503440553,104.14625473075616,126.77375563558213,105.13176584404846,111.37004505624708,77.06570698000719,90.46565065837027,93.49547647408451,84.64267045548743,101.31418633950962,92.40308230160338,109.54931583241694,103.18981926536543,103.22463527578998,100.8762302832853,88.38544738585529
2025-11-20,114.1082098619091,103.84190708119971,126.90185541344094,105.44447288513652,111.1831510256344,77.16368561911797,90.20688960431752,92.87205277319967,84.63636324264041,101.4425956691689,92.86724102655053,109.24989620431333,102.43310086471942,103.35503993156878,100.78490882435547,88.64206680077635
2025-11-21,114.07366637220728,104.10391995110074,126.9470383298724,105.90425626818838,111.41468421494434,77.57573088722906,89.75077334539885,92.69566040298373,83.58584207962083,101.0195131675251,92.90407549102233,109.56323731306898,101.9171052647212,103.98813456951443,100.86160215678439,88.40102920529401
2025-11-24,114.48221718548007,103.52672082021444,125.9165695987298,105.74671961957343,111.81418626159365,77.17516947177431,89.21170247790276,92.83589884765343,83.50609447697258,100.83790090398152,93.08238773392196,109.442335421435,101.95533899260687,104.24060601626806,100.56504449996095,88.05839942049904
2025-11-25,115.19267584863766,103.94089902020514,127.10305746041391,106.20045790767472,112.2737742951539,77.06275903266143,88.82007428209691,92.67623854957472,84.02433300612557,100.97152782994887,92.94799535721577,109.38683861458567,101.46943864900682,104.2255120145606,100.61350052471285,87.87250912955827
2025-11-26,114.88164606075175,104.51868122859618,125.54882271571284,106.18272933094232,112.66088390054867,77.21229127057764,89.28099700356108,92.4271282327393,83.59108737153707,101.32876747793358,92.71250175067645,108.86811658802067,101.97000247056039,104.88723367257955,100.49609819773397,88.33067818468771
2025-11-27,115.53439100598592,105.67383748876908,126.88661883877737,105.23957329681643,113.28023556460461,77.3745495288474,89.5553792623416,92.3211526757577,83.48905192128389,101.91798256008846,92.91262866446426,109.8570076571187,102.05806761549783,103.7262431012469,99.99796748804569,88.9007567185551
2025-11-28,114.26215440256966,104.52122123986022,125.57881167242775,105.23779019177826,113.20742719076593,77.80823677280327,89.75342194822501,91.96146427604275,83.28400634646586,102.0917304212706,92.2277453269195,109.37720767154902,102.01063333028361,104.72113334438696,100.61072387841719,88.82042360630585
2025-12-01,113.71377870366163,105.05265597758122,125.06970360716143,105.39906972754525,112.59290685713317,77.75965082556395,89.33774442068365,92.59453005770928,82.07413935129733,102.27838998191766,92.05029156041633,109.74229744913318,101.93754846587157,103.85851173823126,99.7888643192067,88.53331108760422
2025-12-02,112.99076558369019,105.43140993718288,124.71171523553564,105.23398035439277,112.83583018766168,77.9468416273101,89.4353352836069,92.47852569653723,82.76533020618945,102.0484525942618,91.6582098738843,108.73242568226784,102.31218311735574,103.52491969543429,100.0715972958417,88.366154651703
2025-12-03,113.127737097688,104.90490036564506,125.84943090924867,106.36542834236529,112.56775599495631,78.39413449006868,89.19202959046777,93.15418290732308,82.39595275681451,102.16250220546542,91.25407467698511,109.47814929757445,102.83685358043356,103.55334554342468,100.16908924169788,88.53583998831382
2025-12-04,113.98703938449981,105.22430731777779,125.34802267017382,105.87626910587953,111.56512718006803,77.87978267017573,88.72596449264924,92.68681110846897,82.6478205157536,102.29862437462056,90.34375660157167,110.16146751809144,102.9120741717138,103.44640743557451,99.73414340606335,88.5409717504645
2025-12-05,116.1300871188818,107.03482986601985,127.55873412090442,106.52401338330606,113.43742796988924,77.58602644686275,89.10713033720555,92.31456013636925,82.73241565289564,102.0790194852995,91.08335616491675,110.41725756054801,103.53371096431057,104.14512562409932,98.97494805503797,87.46200790901192
2025-12-08,117.0403093221535,107.04809335651832,128.27332578563133,108.13330481720523,115.10142227630314,77.01554225076019,89.34593986639476,91.8734570766142,83.32411910902053,101.06375947725847,90.847371342493,110.38493390402803,103.61277327828762,103.69742443126586,98.69785004138774,87.37433610736187
2025-12-09,117.81158432113877,107.08391275482083,129.70371138436784,108.16691526953662,115.55664224574504,75.96432449079762,89.33512623046579,92.21562269726346,83.53904279316629,101.16657383601353,91.42724401398304,110.62048808604554,104.0429147608776,103.91200295137364,98.77246185078134,87.04822722413161
2025-12-10,116.57748564235399,107.44471575796315,129.7719763512963,107.68974886143208,114.35490395693833,75.88350086120764,88.60964240263655,91.72606488510094,83.45763337227014,101.30521429122345,91.93548756456434,111.9243704684225,103.74687707886399,103.56507873695566,98.78080583372154,86.67654193411015
2025-12-11,115.8607961821721,107.13262761910889,130.05275363258193,107.20682653293801,113.49285129511324,76.17398406657124,88.74005076667338,92.02766174022689,83.04279046837176,101.01419558153924,91.29916029141437,110.87507904041445,103.58212851970362,103.6346192477761,99.15200560831752,86.59060434825558
2025-12-12,115.53683508760892,107.6141801118444,130.36419561712935,107.78741682807697,113.75558160632828,75.96074519703033,88.92567156981808,91.60209325765344,83.45139700786703,100.23636368337749,90.88715194852196,111.46708799054441,103.44104570244326,103.6217436239674,99.9379520476543,87.17905820190552
2025-12-15,115.49814211336712,108.20562668413535,131.65278515012145,108.22123499330507,114.76932462544814,74.82029248264213,88.38811589432663,90.38562775095038,82.78078326715465,100.79746751514496,92.17785593672342,111.15739056396923,103.2587397055529,103.72281962088674,99.5468274346459,87.0873179125414
2025-12-16,115.88769714070158,109.0197549703805,133.05168681431755,108.0105884441336,116.37392581173609,74.37854933840995,88.7214966011543,89.93766574899159,83.15907013297455,100.88065332651128,93.11212741623758,111.38684116016002,103.08499687008887,103.5448133952548,98.40044248531429,86.5852287278918
2025-12-17,115.75282018633494,108.46900669289843,134.2489743546592,107.86377532182418,116.6368861706118,73.42294186635617,89.16757632065486,89.29875229833998,82.74001777957861,100.70275837750955,93.13873575861018,111.3030575957564,103.34854341171607,103.3012778309973,98.77641558886651,86.41341296256132
2025-12-18,114.80175279386012,109.26128383174549,134.2382101344855,107.72892248333127,118.12591879228901,73.91132069234808,89.90770772230428,89.32577131628044,83.27938689088043,100.11011801478598,93.28070658584335,111.10350021401277,104.11613180356427,103.4925843317974,99.5183285192564,86.36623965087972
2025-12-19,114.8808405285251,109.47356187513262,133.78059601700406,107.33458730601151,117.49253573861402,73.6111243490094,90.11774783600447,88.82200128946296,83.29089858651129,99.77047559023909,92.92482082516538,110.96585807516416,104.5616915867765,103.89749346073107,99.94054861686126,86.90085256028513
2025-12-22,114.21833699995358,109.30069463851287,133.50780744743435,107.51522853729591,117.19568527478292,73.93667479196833,90.23740705745115,89.09314706872141,83.57965808967235,100.37558636908828,93.14829717380977,110.35230235924362,103.83358286043278,103.56235355281702,99.47295523500601,87.16079147919919
2025-12-23,114.71262207163461,109.67317905428737,134.2264640132216,108.11057272329307,116.96919745781027,74.44443528084523,91.04836182673505,89.22281961237758,83.60687579239597,100.48058236215664,92.8070456317624,110.88152287818092,104.69474836433228,103.19293325442462,99.30140271765246,86.99116045590196
2025-12-24,115.67162348490743,108.59663214913935,133.9965913897654,106.90667493179038,116.38334578148995,74.02667997367128,91.17933043714774,89.09428022035016,82.89313747975197,100.17754488568866,91.88604714176289,110.01741614766138,104.4693053128498,103.4848053129088,98.64403474240993,87.21051807002176
2025-12-25,115.13778487855416,108.82837974269661,134.0456745159584,107.4776060402977,116.12512198166212,74.0194487305099,91.36337398794775,89.75048441561407,82.45252936633399,100.59456649486553,91.18728844580339,110.15549909129889,104.87982516864811,103.4854953986025,98.96332884759728,87.220525681305
2025-12-26,113.7612865474159,109.23082373327055,134.16090599054243,107.68577965675502,116.84272276487877,74.08344970496476,91.09713341727664,90.13531179069138,82.7497198322852,100.15440242225971,91.21842687743474,110.01231448912546,104.42463721750927,103.92956003016296,98.2635037461757,86.73188021452013
2025-12-29,113.58965120531701,109.18660597761607,134.3747607158772,108.42104703612823,117.10180046542864,73.869540737691,91.31501324695517,90.23800700626683,82.80603220106329,100.94211744639871,90.69013566423067,109.39050888969642,104.55136108958114,103.47678798296127,98.02371353745679,86.30713702030549
2025-12-30,113.92575151081421,109.4656346044663,134.64545682764225,108.36405707040988,115.8064219697413,73.74399109557986,90.53687621691013,89.68154825742974,83.29728275912984,101.5923649953807,90.6605465274293,109.45979553014115,104.50241277252756,102.47286954290867,97.7627063201947,85.87773383643942
2025-12-31,115.10077461222699,109.33332723671842,135.18657656307278,109.02742373385739,115.98462756178805,73.4332190040018,90.31548554201069,88.71813336642612,83.47713483150476,101.31345382595094,90.1873728870469,108.5255272285081,103.64201940320628,102.17109691926068,98.03637445373093,87.11719008377536
2026-01-01,114.43482635706116,109.63306055805656,135.67266482222507,109.33039855356552,116.38234772028142,73.23028066759267,91.261646362959,88.80090164337223,82.97906754324586,101.17482748270888,89.73194028375302,108.34381963308857,104.06263413404926,101.79997283712056,97.89969347503029,87.5617230919261
2026-01-02,114.95207239388472,109.33767673543771,135.8377298436275,110.3151812854305,117.7458512220995,72.42134389938875,90.27476068648677,88.53995718457905,82.6613418756363,99.84667819615412,90.1285150501881,107.56117567936059,104.85014575507836,101.80003198022698,97.95929674592453,87.13282027570195
2026-01-05,114.97246712776158,109.66455376904176,135.90766341096943,110.90639213277578,118.87985331126481,72.42455003458679,90.9007311861182,88.54237496161102,82.74043215366,99.05879516459981,90.27998212895086,107.85463759821037,104.86136157479761,101.52982305362089,97.88540508246417,86.83953031814077
2026-01-06,115.0803097114305,109.79308999952357,137.11939295230644,111.02380834716298,119.7333503792549,72.05940658672303,91.26391850348037,88.28642493940485,81.84282535739476,98.31599328514221,90.33544534643713,107.49106042707439,105.64565837199791,101.94837143713389,97.25109469885072,86.28547542972633
2026-01-07,116.6142802454746,109.94491963439297,137.86482934230978,112.28978472066377,119.81276918106411,71.70866157668239,90.90663051535212,88.47353508245423,82.56914912776139,98.31783724972004,90.77582377084629,107.35293951235978,105.53541039782364,101.80634385588323,97.48110170796136,86.82317414250403
2026-01-08,115.48020293624997,109.44427781945201,138.31691474477802,112.51040286534761,119.50365455972009,71.98015758334654,91.16953964650408,88.20713622723926,82.73178423012776,98.18194431932885,90.97229847100058,107.50782958703621,105.88975234515799,101.83697779363908,97.50292527235754,86.30902385977313
2026-01-09,115.92591940809389,109.70113852464888,138.50264330675486,113.15623044560009,120.86045890868856,72.47092800938773,91.24575776010053,88.25526776489889,83.2432380465876,97.53257854732966,91.63522335959044,107.05322854765198,104.84653267969486,101.97198733751071,96.98407073407076,86.26716786527962
2026-01-12,116.42713144808499,110.39518673376915,138.8156826144417,112.68182313826544,120.50800709967429,72.58911191821213,92.04201841245533,88.99553374617186,82.55895726021363,97.46364166302831,91.39266524910552,106.9554139857694,106.27560847419694,102.12742035314636,98.00247999455699,86.07205675999981
2026-01-13,117.04000642169163,110.14204533800216,137.576180503525,111.9385943831349,120.26206676164179,72.2666190190298,92.27746131428127,88.94334540104884,83.10689952800627,97.6398687462354,91.2323253846867,106.16855209476029,106.98224944403154,102.08844089022924,98.33432889355606,86.60113599084498
2026-01-14,117.01493286576287,109.17879091049734,137.15031396707835,112.01508596939298,119.64244908424091,72.34953659804506,91.5298766855741,88.82185765265706,84.0546285109542,97.86519914636906,90.6572072201588,106.53773365453851,106.7712517292581,102.32900416255106,98.2819941186884,86.60322803093995
2026-01-15,117.19225166886594,110.12179393288875,137.7781239099715,112.09528618271185,119.84524987513592,71.95706984248693,91.89730294065473,88.63705556621345,83.47892681339971,96.97889652506703,90.43869590685676,107.43367220419788,105.7398772898561,101.9238104726002,98.99893395618837,85.87702461700233
2026-01-16,116.98783117093272,110.87904350911595,137.20634580744826,111.78894723501094,120.57443212949919,72.11144345860866,91.8544762355948,88.36683042549753,83.76763846348373,96.95749367015752,90.83926253417765,108.77752517441618,105.84091015556743,102.61376154242825,100.13911417470787,86.14427560987887
2026-01-19,116.8041257581127,109.76320483351085,136.7543231371709,111.51572469101436,119.48390248898184,72.34538329806226,91.90462669842535,87.96961390469966,83.72914234128301,96.33051672402935,91.38910974979429,108.74018122845708,104.9136138959883,102.41337031216362,100.2612599035071,86.08103028083957
2026-01-20,116.8053584762625,110.35720063790373,137.11774247675424,112.61616215762285,118.46353196678186,72.8148782135243,91.8165287923335,87.96730733891047,83.0592510349158,96.8329370145512,91.80044499778737,109.14403231166439,105.31475700150632,101.80550534613364,100.29096755038151,85.85463048595973
2026-01-21,117.07149905369762,109.93984123824256,137.04459610356594,112.90840763254005,117.98348272186729,72.38089506166348,92.89817350335761,88.53096146315907,83.20081004870352,97.32366391832188,90.91132935908324,108.06779211110246,105.55635202955416,101.894197435093,99.82605198020448,86.52790006378511
2026-01-22,116.7571574425925,109.98228920315303,136.05504021589581,112.16231070824337,118.33369314074457,72.01234823201459,93.2790223444572,88.33791835311455,83.56058289112892,96.85856930801387,91.41843622011903,108.90823057638332,104.99327132108267,101.43669730741085,99.79184901760311,85.8533501732075
2026-01-23,116.86844999865214,110.019888957093,135.8959466365517,111.98441138153123,118.430786783657,71.72856677009274,92.96709347240515,87.76991646876806,83.29796930627525,96.50611295375519,90.56904295072873,109.3309332112971,105.55538746216892,101.75903941417057,99.69616083266398,85.52497945603625
2026-01-26,116.90905593268266,109.96616997727713,134.1410524106018,111.58976232059716,118.82424608345524,71.80002215311923,92.40197731143157,88.6170514302337,83.7916790649142,96.28661325702934,90.98393986884203,109.12837930804375,106.05642799100778,102.92029691160516,99.65066379374127,85.05372126687301
2026-01-27,117.74187558253098,109.71977496138065,134.1029038977529,111.56376919820808,118.97513883612874,71.78071413453499,91.99829137061516,88.52858973257788,83.12464660431101,95.1403100243258,90.84778744270258,109.71752601202513,106.50072341651796,102.49953977959507,100.05108545940853,85.27065101421543
2026-01-28,118.01395751238992,109.70497693089338,133.69710969667585,111.64531175762626,118.85867735108837,72.06445973677098,91.94110067872494,87.69797358932337,82.57676081155157,95.18573068749868,91.24597985709477,109.67191545120924,106.55659834279645,102.71222428172608,100.27858167142905,85.47650390531399
2026-01-29,116.71483861878053,108.96323409182078,134.18591126547147,111.10127520983693,118.71069780782308,71.56477695939945,91.72143733835101,87.2289335411767,82.6946666362118,94.94250495070976,90.70754328077304,109.61352592989692,105.66236628026424,101.76883523946303,100.34337717266315,85.33475383753594
2026-01-30,117.5413027871061,108.57854752027336,134.54838803828972,110.5096426444385,118.33355440198135,71.36300550433248,92.24256083412094,87.18930037431679,82.69112819119412,95.406619394763,91.22478656063929,109.70846775120904,106.10802240470936,101.97271354837103,100.00892783302362,85.96164620481497
2026-02-02,116.75270967519269,108.22302464541838,134.08172799735223,110.18105072892578,119.05125777216415,71.9077100458459,92.72080243414061,87.9959014298659,82.33754996637981,94.9600291863012,90.49545042359983,108.97371923228208,105.83889169793727,101.45687629866546,99.76194894228998,86.08613318327586
2026-02-03,116.45921743782226,107.94345705399829,135.37565829789315,109.9603232812593,119.5887854947667,71.98750888252513,93.15290994826807,87.50735825805546,82.68792244317673,94.6473895905778,90.21138342032606,109.58065133674874,105.15530217612424,101.16432489385612,99.40825689800607,86.04004968254657
2026-02-04,116.24538494065595,108.5011214379183,135.26195545895675,108.4883461907384,119.57923986981716,72.22382810334946,93.0946190087185,87.78584045187878,82.97535158053266,93.83771289965568,89.83554494251781,109.18111418206881,105.91883798798104,100.64491955941806,99.08967050351298,86.06255635505273
2026-02-05,116.94683185602707,109.18403490496624,136.10103449392997,109.50956037253702,118.98334985290724,72.35985564884591,92.4685341315431,88.39804609013655,83.3105334387983,93.39126794109778,89.02791738484086,108.53561356979635,106.96890335648455,100.98246105651086,99.73514255843622,85.964172717895
2026-02-06,115.59209295822154,108.75715174404715,136.53795149312725,109.98801491216604,118.71787182919023,71.79762297702604,92.22386751400755,87.98428245603311,83.28326720681962,92.79366709302678,89.09569182219701,108.10076466888236,106.86656207357687,101.46546487045786,99.17837791647452,86.34763972087119
2026-02-09,117.86875531121514,109.39064324841208,137.1763465197549,110.24810145269537,119.47687765130553,71.10337672406133,92.47746905010256,87.6515938079047,83.59394120242845,93.15872890398957,89.96780769587602,108.49239228510383,108.08722402742326,101.52325473876121,99.08232527050767,86.47467975762896
2026-02-10,118.89583418036631,110.10562719253738,138.71713287403983,110.67421679741345,120.95076144135729,70.51466494802375,92.41341452096621,87.1666612160013,83.43333907022348,92.80086624628994,91.20334977752411,108.12104264102675,108.25390149227287,101.1428694601054,99.56040499040344,86.90434315778836
2026-02-11,119.46556033294071,110.89592986396522,139.1903725616926,110.46036589014953,122.02816278874111,70.55862615590463,92.47976623247901,86.98579238554028,84.38050220207,92.74985725602957,91.34072012476351,107.59079596912669,108.24299287824743,102.0495149693254,99.11802279671312,86.28305228568377
2026-02-12,119.77908746930099,111.3710794187855,139.71060922950366,111.74285782644418,122.36959105374503,70.80424885320932,92.18489098722519,86.89565270144631,84.11848946150616,92.4740073465634,91.93969401963649,107.47847763371925,108.07883815420445,101.75667007348403,99.03326380650175,85.88891601759148
2026-02-13,119.76442806658767,111.56611475523275,138.88705242658358,112.61615402959701,123.13570909312048,71.59482841573852,91.84774566480873,87.29602432764459,84.97059263256476,91.9471039061603,92.00525382818017,107.42557750297115,108.93766206595068,100.63963638368243,98.97550023254583,85.90411357885658
2026-02-16,120.42321182921893,112.18811816367311,139.12550990961097,113.06626363889995,123.83019017607657,72.1538546852718,92.06251444015582,88.01334787822115,84.94740906275642,91.94675404093019,92.19379039335665,106.67067801549344,108.69906720634033,100.93704408861473,99.07288242211305,85.78328921606683
2026-02-17,120.53027740077769,111.16218382253192,137.6739079725836,113.35970058299903,123.69219469210357,72.69641311716626,92.31407655958564,87.75536098599014,84.31561037078647,92.28742836362484,91.9821251518772,105.96773294947866,108.99284923868291,100.32621086372566,99.0923505177616,86.14095120553962
2026-02-18,121.44915307113297,112.28428717721887,139.65797289065333,114.06430956183175,124.49467314195866,72.48739000807247,92.02229896172632,86.9171412879592,84.92352705083452,91.70340552646287,92.1035419088881,107.05200352449187,108.89142859539496,100.91568767178332,99.3721276434921,86.23997324733229
2026-02-19,121.54155984987499,112.83981892145256,139.51010979683534,113.34515433995493,124.81064338319767,71.85874794092457,91.68675563469385,86.70326753799428,85.01753305311652,92.00026605395409,92.3954396474442,106.62239113143559,108.57181851379234,100.70839280158606,98.68488383993348,85.83360478362717
2026-02-20,121.74289115860233,112.76402450494804,140.31144093955123,113.44525842878126,125.6549159394139,72.06250525297708,91.14744851762258,86.73085419997516,85.41143146968373,91.56158608961387,92.16239160548287,106.4191788954095,109.1885123055296,101.04704356444427,98.5594017922508,86.51926232063775
2026-02-23,121.82184462316661,112.96108364135146,140.2855394562022,113.69494054744167,124.8089063182946,72.39179000411211,91.85390461915769,87.01945934821738,85.9117218406281,91.39330943561774,92.1009930154824,106.18677430343033,109.11127470223816,101.80322187708673,98.61976537347434,85.55790623362441
2026-02-24,121.94298003887738,113.60871210446746,139.3477050595678,113.68865179727194,126.5491493454155,72.32718221764259,91.60120249990756,86.7624571397651,86.08042325490743,91.59388711505405,92.09913316560265,105.91045993903683,108.90110719945135,101.20417688370273,98.99112688115922,85.43026435458283
2026-02-25,123.09187119045374,113.99913280842755,140.45674645016243,114.02916421126838,128.31897089543372,72.3908755903495,92.1979465772145,86.76758241718866,85.86658669807015,91.23993810838269,92.52431853062444,106.2457320862269,109.66162272800591,100.98765710310246,99.68120924677396,85.26961279045906
2026-02-26,123.87935546129837,115.07730442381217,140.00396326238317,114.40429987706884,128.9373729658467,72.56819741378756,92.98275649953702,87.51268060024849,86.30100527339908,91.25444881421738,92.04791508519922,106.74257519398951,110.72854324174047,101.02803131671934,99.37764248206145,85.23039205634385
2026-02-27,122.81062250727888,117.32362284127862,141.6797558231216,115.1128357963911,129.83740117993028,72.8448539949667,92.77889694934797,87.58118729311452,86.3958803797399,90.99662718852409,92.12501527393484,106.70508808684424,111.36055067164978,101.94161362223582,99.87519849857719,85.44657567821808
2026-03-02,123.31753785379182,117.00179634098275,141.1428641693841,115.24127716950434,130.32286162032216,73.31020436441364,92.32591834085821,87.45893879557941,86.71538831255465,91.0377591184387,93.03433493789369,106.14768283570439,111.09522185019314,101.64831302335185,99.36046800760336,84.3387760401601
2026-03-03,123.6441383077032,116.43612096624092,143.1081957732117,114.83808680926333,130.8333664736516,73.56015024803746,91.43610332132342,87.32269907540491,85.7973947736589,89.96127469631435,93.58918728917159,106.86904627574141,110.94263978134673,101.39953143966363,99.87681557788908,83.86902454432817
2026-03-04,123.48121750714063,116.44313444261027,143.34654290536176,114.27660767136878,130.73880511044825,73.7623231803045,90.64117868591494,87.12053004280898,85.99513415221222,89.11733932255562,94.22899304233005,106.80164331397954,110.86527502206829,101.59715110542334,100.41419718614215,83.20195057686256
2026-03-05,122.5066016845672,115.96127166265997,141.55419057373422,112.81235177805635,129.20579159605592,74.4108748985416,90.4388071099588,88.15306027761265,85.56722215776554,89.59892322687858,94.07144816294021,107.47468814163427,110.82101993389337,101.17688993363751,100.24453501486703,83.7363332296454
2026-03-06,123.15642015954795,115.79335028079349,142.43662084889556,113.321552114185,129.46663745451022,74.18083491798258,91.00941694170342,88.02965075502863,86.29130020008286,90.0441459960526,94.23762454334394,106.32129517694237,110.25990855074895,101.25066002317102,100.36413400747276,83.79732063343529
2026-03-09,123.93107624054535,116.82219867078099,142.06855801357304,112.32963936348379,130.76008537370566,74.62887068231731,91.22298156312387,88.15358303206307,86.52835374108504,89.68780599969482,94.67581878815805,106.31006323495306,110.74108292435531,100.49456403723902,100.39223160586917,84.53987116333553
2026-03-10,123.37745436927874,115.94673527509151,142.23706408501056,112.90549412273676,130.9540297067376,74.17502767870204,91.46012653014594,87.98474982922345,86.61094512310765,89.60674213598847,95.39390205212703,107.2920469872151,110.76398038543194,101.59857941683859,100.75358895164422,84.6731343083871
2026-03-11,124.15697738919317,116.94727681181254,143.5532460315681,114.22244008858513,131.3919919001649,74.60109304532031,90.5043855720968,88.54559570240211,86.8513305808015,89.7193832838079,94.49970477517012,107.12229587877194,110.0484387678468,101.01594735810089,100.48032511325624,84.81035121728264
2026-03-12,123.73507318807955,116.77296465865967,144.0553577090158,114.23490961843072,132.64263432623696,74.35567498973333,90.16373623397646,89.60135033246797,86.386364712673,90.091160625446,93.84493032547951,106.92197122907321,109.65320999995616,100.89156553192599,100.29956501005258,84.9992445194005
2026-03-13,122.43459907832255,117.24310606126495,143.8859937922862,112.30847935878403,132.72290089628817,74.58490350005968,90.66641726906415,89.86629096501241,87.03055290292357,89.25259361518192,94.39650715460999,106.99569525709111,109.21075174044701,100.7933792200483,101.14643972921411,85.10752045118176
2026-03-16,121.9479634988645,118.30450668995975,144.34339724909998,111.99583320226749,134.62441418346674,74.34313043413012,90.88092487766984,89.99579178176266,87.89125629986194,88.88137677981469,94.25499853682479,106.74934994751469,109.19686400986642,101.76654079820426,100.98164888214167,84.32925549305725
2026-03-17,122.57627270673143,117.99174238008693,145.01397268007022,112.05313095085434,134.13862976222762,74.54283120959184,90.83126538574436,90.06100582461994,88.0884434662509,88.71602088377031,93.96493783883564,106.69435370134049,110.33799386882525,101.13874983703064,101.19099002350926,84.09744165294786
2026-03-18,123.19066939350051,117.64979900101453,143.76332763931362,111.5211831751064,134.29617422248242,74.9908056199995,91.54765581193239,89.39982231955393,88.69416389432581,89.18437796965657,93.27495439600158,106.35175395734913,110.59922829596016,102.17362882950123,101.0591633625247,83.43782653385138
2026-03-19,122.9649157376104,117.52337569215837,141.94699320854514,110.69720718544642,131.72873243854482,74.55407492762804,92.45020204336308,89.8519033692488,88.3783277376685,90.38767766635752,92.94937357562112,105.98905061827466,109.98317549186567,102.48069115513552,101.96521302179977,84.11648174846675
2026-03-20,123.78069539269111,117.69898942533949,142.55016175099738,111.91715201921791,132.85805522240156,74.81795837441359,92.46079238477672,90.01818417436947,88.02249826758118,90.30429132688792,92.29540545417535,106.577385688993,110.25759249701402,102.7573250502186,101.58912805663387,83.97026557647096
2026-03-23,123.67517297032806,117.17834596690813,141.621704830113,111.87069492154724,131.56650017389535,74.6176529655342,92.48802331345418,90.17819126558229,88.00405338701319,89.70370138074162,93.22683786788369,106.77198877481604,109.87651289264375,102.16837557036472,101.44216654097384,84.77416211286084
2026-03-24,123.18504389214804,117.10144490857819,140.8432132141447,111.25359579742702,132.67108062279388,75.0057271310484,92.65420977988597,89.95057178674443,88.19370917184285,89.89950731886267,93.21433473148348,106.99260826835106,110.09927840689653,102.47359071364292,102.04985413623659,84.304472181322
2026-03-25,123.63766237725098,116.22845011958465,143.10330790442154,110.54590507763926,132.61178306353813,74.75831353456273,93.53004172825277,89.59013713829196,88.09127233176115,90.39515847216826,93.2626329523611,107.5582939401512,110.45446231382105,102.13507144582765,101.71600528426825,84.2321250131086
2026-03-26,124.51600649726629,116.6622183050485,145.02053641875153,110.7385427825303,132.3239381939242,74.77479943891622,92.42987647137144,89.31085102829003,88.37886422199469,90.37862488812874,93.59064685952835,107.45455510107927,111.23295109017816,102.84204678793556,102.47376346497713,84.19684810357901
2026-03-27,125.05614742044592,116.36791133438619,145.77050632410666,110.6824649723741,132.20703489457276,74.24741924938144,92.58551251910961,89.64500980720443,88.56378149254637,89.90199481246538,94.09457268916277,107.15451732381314,111.23530606740573,102.36126698026592,102.82742352967118,84.007052699222
2026-03-30,125.69475433481038,115.93769996400943,145.42418875856157,110.85967198468198,130.64228585600765,74.14177751674306,92.6320063019255,89.54111614354763,88.08212140369149,90.38486760091041,94.49698539561246,106.7274608161376,112.09904642129737,102.27448714306131,102.87900172765552,84.04203919922382
2026-03-31,125.95658003566214,116.54971814151386,144.7715896317291,110.38989284756818,130.71551547591721,74.1275837920363,93.04295183884635,90.59285864400715,88.2611275104262,90.7527655050014,94.95207395231624,106.64078043410254,112.55923960473777,101.95911977567434,102.03873088222709,84.36220698984312
2026-04-01,126.75095117035741,116.46428224783376,145.3315969718051,111.22303161777623,130.5705000631368,74.3309970553945,92.63833653730174,90.72476254572577,88.70401472101665,90.21727278808237,94.71816348606536,106.12717895467014,112.35706233281395,101.55027385060156,101.90200511757696,83.72758271471007
2026-04-02,127.66128710222824,117.19474175173355,145.69258455579393,112.53362447958175,131.05031279579595,74.74006399969564,92.38319863770509,89.92444182685901,88.82468761513091,90.31208754707475,94.62470331939026,105.83486891499783,113.57106110976368,101.93003810622912,102.0946058528545,83.4333733818899
2026-04-03,127.08323174413667,116.37526832418527,144.53993346072878,112.45379615043787,128.49978294342964,74.72421664969,92.9773599267552,90.06544503975871,89.2353440537808,90.89672354046861,94.88001221898638,105.41855076632949,113.5879882302812,102.11127786391133,102.87393198921495,84.28302934029837
2026-04-06,127.36560145112897,117.15717104334773,145.44416534296784,113.24689870093418,130.03070272927937,74.96685040739233,94.29481131361209,89.68385502325273,88.77969708014167,91.33412930873097,94.72177687252213,106.60421000387188,113.39888443424027,102.86664766439426,103.52319175347888,84.25729228787914
2026-04-07,127.82100297909018,118.23068174841829,147.01278573034222,113.68422604623186,132.26008802055748,74.42534832568893,94.98988307907888,89.01719154251504,88.978573754829,91.35892271121769,94.7096839259253,105.14028307374481,114.6920263203745,102.0865029345028,102.87599340686788,83.77429590038383
2026-04-08,127.73624105827554,118.85394249286347,147.72344412243558,113.86397649478323,133.29810755006355,74.12756358881873,94.75352169630789,89.89290151741315,88.4539771830832,91.22448897671144,94.89284093695959,105.01190634058699,116.09398020650545,102.70837791888492,103.17652931321972,84.26547205584988
